gene,compare,meanlogFC,final,uchar
ENSG00000000938,D5/D6,0.689890196599529,non-DEG,1.09071764665014
ENSG00000000938,F7/D6,1.07310532934962,non-DEG,1.89130541702642
ENSG00000001036,D5/D6,1.20656700512209,non-DEG,1.18777919749545
ENSG00000001036,F7/D6,1.43555166898523,non-DEG,3.37260406781372
ENSG00000001461,D5/D6,1.14397407644257,non-DEG,1.89394351414203
ENSG00000002330,D5/D6,0.864059714427748,non-DEG,0.652870666531585
ENSG00000002549,D5/D6,1.06324165797981,non-DEG,0.275527191027592
ENSG00000002549,F7/D6,0.917411676389051,non-DEG,0.65720077515482
ENSG00000002586,D5/D6,1.53811867466795,non-DEG,1.68883329756763
ENSG00000002919,D5/D6,1.128006469,non-DEG,1.39409942601381
ENSG00000002919,F7/D6,1.22786134756551,non-DEG,1.43050297515333
ENSG00000003402,D5/D6,1.26627747049042,non-DEG,3.15351980194612
ENSG00000003509,D5/D6,0.887760711575353,non-DEG,0.305644205337764
ENSG00000003756,D5/D6,0.932040187166601,non-DEG,0.571217197726206
ENSG00000004142,F7/D6,1.10704047742829,non-DEG,2.87759206379118
ENSG00000004478,F7/D6,1.11042615445277,non-DEG,2.00075026733777
ENSG00000004534,D5/D6,0.899693411258935,non-DEG,1.38879594784067
ENSG00000004864,F7/D6,1.22036262281722,non-DEG,2.04878661882501
ENSG00000004897,D5/D6,0.876567190977392,non-DEG,1.28016653741044
ENSG00000004975,D5/D6,0.867718247410684,non-DEG,0.537936925292104
ENSG00000005020,F7/D6,1.63263179003291,non-DEG,3.35265384584813
ENSG00000005022,D5/D6,1.1550461099633,non-DEG,0.726524242804863
ENSG00000005100,D5/D6,1.20828821370577,non-DEG,1.13737102202438
ENSG00000005100,F7/D6,1.11457433067376,non-DEG,0.395386159668809
ENSG00000005483,D5/D6,0.894042169325658,non-DEG,0.46864686749625
ENSG00000005889,D5/D6,0.844282099416724,non-DEG,2.33906826771387
ENSG00000005889,F7/D6,0.624673889648253,non-DEG,3.07689114965406
ENSG00000005893,D5/D6,1.12315988592943,non-DEG,1.28184952630348
ENSG00000005893,F7/D6,0.880344047899956,non-DEG,3.81758205251755
ENSG00000006453,D5/D6,4.58512504964858,up-regulate,4.03041286346865
ENSG00000006453,F7/D6,2.78617989793692,up-regulate,2.23102069950803
ENSG00000006530,D5/D6,1.20009741494271,non-DEG,0.885597577299001
ENSG00000006530,F7/D6,1.15657784234754,non-DEG,0.751315570454128
ENSG00000006576,D5/D6,0.779290742484861,non-DEG,0.910540173548567
ENSG00000006576,F7/D6,0.804911679508699,non-DEG,5.14263121351238
ENSG00000006652,D5/D6,1.16335398518599,non-DEG,2.64313996707008
ENSG00000007129,D5/D6,1.34525110985772,non-DEG,1.04610870991186
ENSG00000007129,F7/D6,1.65949219488563,non-DEG,6.85812438121186
ENSG00000007202,F7/D6,1.08909059693918,non-DEG,2.34402162100634
ENSG00000007237,D5/D6,0.878351875464318,non-DEG,0.28733956939706
ENSG00000007237,F7/D6,0.883691611439935,non-DEG,0.611606800865035
ENSG00000007255,D5/D6,1.29922910759739,non-DEG,3.59845951297347
ENSG00000007312,D5/D6,0.810266932733864,non-DEG,2.06752210547418
ENSG00000007312,F7/D6,0.736086907954371,non-DEG,1.90321520357439
ENSG00000008083,D5/D6,0.670901437522735,non-DEG,4.15893542508757
ENSG00000008083,F7/D6,0.706979730372209,non-DEG,2.22969813970609
ENSG00000008130,F7/D6,1.13698035388716,non-DEG,2.60941705919715
ENSG00000008256,D5/D6,1.42366934968528,non-DEG,0.312914389256014
ENSG00000008256,F7/D6,1.24838225744552,non-DEG,0.874848841964283
ENSG00000008282,F7/D6,0.697356006270296,non-DEG,6.88399747694978
ENSG00000008294,D5/D6,1.14593111922806,non-DEG,0.185895591741651
ENSG00000008294,F7/D6,0.915980961263742,non-DEG,0.519974881521093
ENSG00000008324,F7/D6,1.10279550754007,non-DEG,2.03468605211288
ENSG00000009790,D5/D6,0.840123653336313,non-DEG,2.8622489180131
ENSG00000009790,F7/D6,0.687837177585551,non-DEG,1.68513422503934
ENSG00000009954,D5/D6,0.878935562114051,non-DEG,1.88503194378699
ENSG00000009954,F7/D6,0.882617001336641,non-DEG,2.2690527069735
ENSG00000010256,D5/D6,0.927085254484679,non-DEG,0.610982958818562
ENSG00000010270,D5/D6,1.24407859196677,non-DEG,1.08775659350484
ENSG00000010270,F7/D6,1.25281827871908,non-DEG,1.70508688250166
ENSG00000010310,F7/D6,1.26230802400604,non-DEG,1.94044262933751
ENSG00000010404,F7/D6,1.18526999611618,non-DEG,3.62401151785974
ENSG00000010810,D5/D6,2.08558301468278,non-DEG,3.63753558815492
ENSG00000011275,F7/D6,0.907149982935777,non-DEG,1.72806539732592
ENSG00000011295,D5/D6,0.817740957046378,non-DEG,1.22372884851969
ENSG00000011295,F7/D6,0.912826719629676,non-DEG,0.38578893181573
ENSG00000011376,D5/D6,0.855658503617678,non-DEG,0.359933646454555
ENSG00000011485,F7/D6,0.891472008203398,non-DEG,0.144299931554894
ENSG00000011523,D5/D6,1.17320741633893,non-DEG,0.419301437269451
ENSG00000012048,D5/D6,0.816818848403606,non-DEG,1.90517314205331
ENSG00000012048,F7/D6,0.895563263068304,non-DEG,0.295566978487926
ENSG00000012061,F7/D6,0.844121440365831,non-DEG,0.331561091008111
ENSG00000012211,D5/D6,1.21193116600839,non-DEG,0.979087754972869
ENSG00000012660,F7/D6,1.19452036761293,non-DEG,3.96928614558898
ENSG00000012779,D5/D6,2.4683182140678,up-regulate,3.16276534850313
ENSG00000012779,F7/D6,1.2823568624798,non-DEG,1.86010036806062
ENSG00000012963,D5/D6,0.875555118162796,non-DEG,0.527080401587443
ENSG00000013374,F7/D6,0.747891420789325,non-DEG,1.20633465295279
ENSG00000013375,F7/D6,0.871987422941432,non-DEG,0.322400007804922
ENSG00000013441,D5/D6,0.849789333353443,non-DEG,5.00455413083915
ENSG00000013441,F7/D6,1.0527994226654,non-DEG,4.81110832940628
ENSG00000013523,D5/D6,1.17288731807063,non-DEG,0.262065614926551
ENSG00000013523,F7/D6,1.18402629969229,non-DEG,0.942538267894511
ENSG00000013561,F7/D6,0.883931557534646,non-DEG,0.341082114139041
ENSG00000014641,F7/D6,1.32419765627623,non-DEG,0.842867836052493
ENSG00000015475,D5/D6,1.51817570431665,non-DEG,1.88483133488935
ENSG00000015475,F7/D6,1.12074121011217,non-DEG,1.35368329593806
ENSG00000015676,D5/D6,0.930775842559912,non-DEG,0.479609829262427
ENSG00000015676,F7/D6,0.858612306675377,non-DEG,1.75851818319576
ENSG00000016864,F7/D6,1.16598452580534,non-DEG,0.791221847916706
ENSG00000017260,D5/D6,0.631489636117507,non-DEG,0.980750387288392
ENSG00000017260,F7/D6,0.810709591823607,non-DEG,0.167318614013223
ENSG00000017483,D5/D6,1.20006378969277,non-DEG,2.20628859435697
ENSG00000017483,F7/D6,0.99220565616563,non-DEG,2.91010262022279
ENSG00000017797,D5/D6,0.817995346887149,non-DEG,0.351217735408143
ENSG00000017797,F7/D6,0.863413367642413,non-DEG,1.58034705273165
ENSG00000020129,D5/D6,1.33126870039981,non-DEG,3.21515808325704
ENSG00000020129,F7/D6,1.37418730250097,non-DEG,1.90088113855913
ENSG00000020256,D5/D6,0.854752090771454,non-DEG,2.55150953191456
ENSG00000020426,D5/D6,0.809147521847599,non-DEG,3.46289312174616
ENSG00000022277,F7/D6,1.35522918663655,non-DEG,9.08997220326072
ENSG00000022556,D5/D6,1.58550411719485,non-DEG,2.29466997205107
ENSG00000022556,F7/D6,1.24033221315536,non-DEG,2.30692138745578
ENSG00000023191,D5/D6,1.29967022297083,non-DEG,2.16320231346514
ENSG00000023734,F7/D6,1.1429089097535,non-DEG,1.42339085500476
ENSG00000023902,F7/D6,0.841429825560723,non-DEG,2.36980070848968
ENSG00000025293,F7/D6,0.878923545744284,non-DEG,1.0067168978537
ENSG00000025770,D5/D6,0.875948724301382,non-DEG,1.47402076366284
ENSG00000025770,F7/D6,0.806463534688511,non-DEG,2.44136591435368
ENSG00000025772,D5/D6,1.40715383515268,non-DEG,1.91095796463172
ENSG00000025772,F7/D6,1.31349569383777,non-DEG,2.30691165662355
ENSG00000025796,D5/D6,1.17280375347306,non-DEG,2.7084700201701
ENSG00000026025,D5/D6,1.32455800393821,non-DEG,1.95900271517391
ENSG00000026025,F7/D6,0.356669243182674,down-regulate,2.57318128724493
ENSG00000026297,D5/D6,1.33981928564394,non-DEG,0.341910317067821
ENSG00000026297,F7/D6,0.818106903907576,non-DEG,2.92207275779908
ENSG00000026508,D5/D6,1.16141580610648,non-DEG,0.869770970388448
ENSG00000026508,F7/D6,0.797646277065641,non-DEG,1.9295508744665
ENSG00000026950,F7/D6,0.820007803293314,non-DEG,0.100345870288024
ENSG00000027075,D5/D6,3.79314923597371,up-regulate,3.70561183205318
ENSG00000028116,D5/D6,0.842627210491152,non-DEG,0.828725903866952
ENSG00000028116,F7/D6,1.11083105574669,non-DEG,0.879131847785293
ENSG00000028137,D5/D6,2.38387593367602,up-regulate,3.10161531144779
ENSG00000028137,F7/D6,1.28633999927684,non-DEG,3.42203564172281
ENSG00000028203,D5/D6,1.15057169142225,non-DEG,0.608478447761078
ENSG00000029363,F7/D6,1.07962570902267,non-DEG,4.62174638582897
ENSG00000031003,D5/D6,0.867250289628783,non-DEG,1.87692654136846
ENSG00000031003,F7/D6,0.862823318637772,non-DEG,1.45456047659488
ENSG00000031698,D5/D6,1.15389192760892,non-DEG,0.990500497501881
ENSG00000031698,F7/D6,0.847677947103202,non-DEG,1.55254972406273
ENSG00000032219,D5/D6,0.830899511947639,non-DEG,1.02148927194319
ENSG00000033050,D5/D6,1.11932048646816,non-DEG,0.494685369592077
ENSG00000033050,F7/D6,1.12902427553652,non-DEG,2.28229300523668
ENSG00000033170,F7/D6,0.784039973492729,non-DEG,1.55828912803458
ENSG00000033327,D5/D6,1.60331228964302,non-DEG,1.19378312632839
ENSG00000033327,F7/D6,1.27207919842582,non-DEG,2.02213096157749
ENSG00000033867,D5/D6,1.16303900278491,non-DEG,0.610331178597462
ENSG00000034713,D5/D6,1.31404740355623,non-DEG,2.19029351661798
ENSG00000034713,F7/D6,1.26356980795256,non-DEG,1.48877175838781
ENSG00000035141,D5/D6,1.11319696629219,non-DEG,0.590821665994721
ENSG00000035681,D5/D6,0.887174759178791,non-DEG,1.90597812580104
ENSG00000035681,F7/D6,0.884357328175817,non-DEG,1.55317698955928
ENSG00000035928,D5/D6,0.903674873330518,non-DEG,1.31681133789039
ENSG00000036257,D5/D6,0.861465601874267,non-DEG,1.44457510643953
ENSG00000036257,F7/D6,0.928368930043727,non-DEG,1.07937742870729
ENSG00000037474,F7/D6,1.09245924245357,non-DEG,1.03215502494556
ENSG00000037637,D5/D6,0.909948356604872,non-DEG,0.540661828893745
ENSG00000037749,D5/D6,0.83196761447796,non-DEG,1.54686411556376
ENSG00000037757,F7/D6,0.868341444952158,non-DEG,2.47970012573201
ENSG00000038382,F7/D6,0.850803049219452,non-DEG,1.60144727170147
ENSG00000038532,D5/D6,0.818505611366702,non-DEG,0.999001883082375
ENSG00000040275,D5/D6,0.757651866556377,non-DEG,1.02155461644018
ENSG00000040275,F7/D6,0.862627762141667,non-DEG,1.72126151267831
ENSG00000040341,D5/D6,0.740130782502147,non-DEG,0.37783133638707
ENSG00000040487,D5/D6,1.28917813339877,non-DEG,0.873144223143712
ENSG00000040933,D5/D6,0.508499688570943,non-DEG,2.79439249008733
ENSG00000040933,F7/D6,0.692168812776205,non-DEG,1.33035539947724
ENSG00000041880,D5/D6,1.56071467751159,non-DEG,2.05872177740728
ENSG00000041880,F7/D6,1.48136843875953,non-DEG,1.8437726574571
ENSG00000042445,D5/D6,1.27135343100749,non-DEG,0.457311894627303
ENSG00000042445,F7/D6,1.32735572983389,non-DEG,0.0437006567630505
ENSG00000042493,D5/D6,1.93482066727471,non-DEG,2.70367550677047
ENSG00000043514,D5/D6,1.10735628303718,non-DEG,0.277231460999476
ENSG00000043514,F7/D6,1.13165703436244,non-DEG,0.491114634584807
ENSG00000044115,D5/D6,1.50373986181106,non-DEG,1.17005661854554
ENSG00000044115,F7/D6,1.14382821728797,non-DEG,2.23867031128169
ENSG00000044446,D5/D6,1.13932751945552,non-DEG,0.026479573348229
ENSG00000046604,D5/D6,0.534273488733833,non-DEG,3.01111933021847
ENSG00000046604,F7/D6,0.712258309,non-DEG,2.36544099748603
ENSG00000046647,F7/D6,0.88971908876457,non-DEG,0.155891174714612
ENSG00000047249,D5/D6,1.10684581598275,non-DEG,1.0569170437037
ENSG00000047315,D5/D6,0.89491612272758,non-DEG,0.794718767336295
ENSG00000047346,D5/D6,0.712610873491183,non-DEG,0.0913765973331376
ENSG00000047346,F7/D6,0.760615075195306,non-DEG,0.511651472020519
ENSG00000047648,F7/D6,1.44522687898942,non-DEG,1.31786784778206
ENSG00000047849,D5/D6,1.15537776155255,non-DEG,2.2859987474092
ENSG00000048028,F7/D6,0.845603153255729,non-DEG,0.637827332093609
ENSG00000048162,D5/D6,1.18720767446125,non-DEG,1.50689720685161
ENSG00000048162,F7/D6,1.19413419079104,non-DEG,2.25238884662191
ENSG00000048471,D5/D6,0.815417281754687,non-DEG,2.70324061240059
ENSG00000048471,F7/D6,1.07749333735154,non-DEG,1.99181462297297
ENSG00000048828,D5/D6,1.1800318389459,non-DEG,1.9694638829115
ENSG00000048828,F7/D6,1.16348702140529,non-DEG,1.71402221338678
ENSG00000049089,F7/D6,1.1992809311733,non-DEG,0.895013560683967
ENSG00000049239,D5/D6,0.866957703649914,non-DEG,2.2626702775706
ENSG00000049239,F7/D6,0.842369702910769,non-DEG,0.733651609963354
ENSG00000049449,D5/D6,1.41889010224443,non-DEG,3.12784475324512
ENSG00000049449,F7/D6,1.18854242338766,non-DEG,1.74979490707555
ENSG00000049541,D5/D6,0.892207257336057,non-DEG,1.64942693345984
ENSG00000049656,D5/D6,0.871393786919898,non-DEG,1.97248380100013
ENSG00000049860,D5/D6,1.11281258762697,non-DEG,0.845947435520274
ENSG00000050130,D5/D6,0.796999596980716,non-DEG,0.497812137704554
ENSG00000050405,D5/D6,1.14893090429439,non-DEG,2.23831031530285
ENSG00000051523,D5/D6,1.08824500678476,non-DEG,0.761303733596589
ENSG00000051596,D5/D6,0.873600712782285,non-DEG,1.9949519225573
ENSG00000051596,F7/D6,0.948341065041758,non-DEG,4.24813121454926
ENSG00000053254,D5/D6,1.28552173743936,non-DEG,0.600549862136268
ENSG00000053254,F7/D6,0.868802808460977,non-DEG,1.16039843200084
ENSG00000053371,F7/D6,1.19945880900955,non-DEG,2.79588709888159
ENSG00000054282,F7/D6,1.17334954619159,non-DEG,2.42693697771255
ENSG00000054611,D5/D6,1.20341084634439,non-DEG,2.27987901715791
ENSG00000054654,D5/D6,0.611416172930256,non-DEG,2.17928359038263
ENSG00000054654,F7/D6,0.90257338861374,non-DEG,0.166060273099871
ENSG00000054965,D5/D6,0.816221397575139,non-DEG,1.32867594172139
ENSG00000054965,F7/D6,1.13394937231749,non-DEG,1.42704520224059
ENSG00000054967,D5/D6,1.21041054873408,non-DEG,2.27255273054399
ENSG00000055208,D5/D6,1.27690627889582,non-DEG,2.88491819436542
ENSG00000055208,F7/D6,1.28751685338586,non-DEG,2.21341480795232
ENSG00000055332,F7/D6,0.899560999255625,non-DEG,1.44529264905466
ENSG00000055917,F7/D6,1.05687689038943,non-DEG,4.7144920750513
ENSG00000056050,D5/D6,0.879783362423956,non-DEG,0.565473671669751
ENSG00000056558,D5/D6,0.868948464723216,non-DEG,1.72808365772972
ENSG00000056558,F7/D6,1.1535785510243,non-DEG,2.42136140747952
ENSG00000056736,D5/D6,0.420070808046609,down-regulate,0.985643006569917
ENSG00000056736,F7/D6,1.2689855378136,non-DEG,2.17566936843515
ENSG00000057252,D5/D6,0.871987562074328,non-DEG,1.18795365284741
ENSG00000057608,D5/D6,0.933632211977076,non-DEG,0.515943635175833
ENSG00000057704,D5/D6,1.15162376532356,non-DEG,1.49788239593054
ENSG00000057935,F7/D6,1.16309278259099,non-DEG,1.97646457185375
ENSG00000058056,D5/D6,0.752431752075734,non-DEG,0.578203510328755
ENSG00000058091,F7/D6,1.19161629498679,non-DEG,1.21288921841743
ENSG00000058600,D5/D6,1.15172625459161,non-DEG,0.275834389633406
ENSG00000059122,D5/D6,1.13962620160319,non-DEG,0.0717532874902881
ENSG00000059122,F7/D6,1.23434056379633,non-DEG,1.17335246482543
ENSG00000059378,D5/D6,1.20826600839166,non-DEG,1.78637492141737
ENSG00000059573,D5/D6,1.12396987132145,non-DEG,0.865500420067298
ENSG00000059573,F7/D6,1.1396431715638,non-DEG,2.09225934876028
ENSG00000059588,D5/D6,1.11795805049114,non-DEG,1.03383163940632
ENSG00000059804,D5/D6,1.40700481108944,non-DEG,2.16853678290051
ENSG00000059804,F7/D6,0.630514355516453,non-DEG,2.024621071
ENSG00000060558,D5/D6,0.299370067437332,down-regulate,0.231210860352643
ENSG00000060558,F7/D6,0.858617772107391,non-DEG,2.47974194602176
ENSG00000060688,D5/D6,0.905197101046861,non-DEG,1.26935799142995
ENSG00000060762,D5/D6,1.19370310025212,non-DEG,1.8301492872743
ENSG00000060762,F7/D6,0.836605250739935,non-DEG,1.80153775515818
ENSG00000061794,D5/D6,1.12658614596309,non-DEG,1.98234654466145
ENSG00000061794,F7/D6,1.28842978439731,non-DEG,5.596804362
ENSG00000061918,F7/D6,0.658310199751617,non-DEG,1.56332688627875
ENSG00000062582,F7/D6,1.3157545142337,non-DEG,13.274062443115
ENSG00000062716,D5/D6,0.806799544390001,non-DEG,4.35425977866283
ENSG00000062716,F7/D6,0.798428520608824,non-DEG,4.2829350814348
ENSG00000063046,D5/D6,1.27884838771505,non-DEG,1.01789249745625
ENSG00000063046,F7/D6,1.20224228046512,non-DEG,1.03402624218802
ENSG00000063438,F7/D6,1.37294205127404,non-DEG,1.09840716346045
ENSG00000063587,F7/D6,0.818147971673157,non-DEG,0.475449448781614
ENSG00000063601,D5/D6,1.1731289608062,non-DEG,1.07923465014505
ENSG00000064102,D5/D6,0.86302824633398,non-DEG,1.38147389205238
ENSG00000064115,F7/D6,1.21816069931734,non-DEG,0.579385912231982
ENSG00000064393,D5/D6,0.841148430992496,non-DEG,6.23551550730756
ENSG00000064393,F7/D6,1.1474176935663,non-DEG,1.24912604705483
ENSG00000064489,F7/D6,0.578692619808144,non-DEG,13.0577050534801
ENSG00000064490,F7/D6,0.893986397609821,non-DEG,1.66248449010403
ENSG00000064547,F7/D6,0.809667791813837,non-DEG,0.163636817998156
ENSG00000064652,F7/D6,0.624356555607317,non-DEG,1.98997167319257
ENSG00000064763,F7/D6,0.516326443916976,non-DEG,5.04821320509106
ENSG00000064886,F7/D6,1.25650185252907,non-DEG,1.16883147031618
ENSG00000064932,D5/D6,0.867328132782329,non-DEG,1.45418589491366
ENSG00000064961,D5/D6,1.20201678540563,non-DEG,1.991064292
ENSG00000064961,F7/D6,1.13362951954308,non-DEG,3.48083520550744
ENSG00000065268,F7/D6,0.80089568179095,non-DEG,2.53502611986861
ENSG00000065485,D5/D6,1.21610505363071,non-DEG,0.186076592458553
ENSG00000065491,F7/D6,1.1708718981865,non-DEG,1.6870175766635
ENSG00000065518,D5/D6,0.863613469154229,non-DEG,1.72715078687895
ENSG00000065600,D5/D6,1.19905964816139,non-DEG,0.477904208287292
ENSG00000065600,F7/D6,1.37918322755104,non-DEG,2.11107665964466
ENSG00000065665,D5/D6,1.2797066015101,non-DEG,1.51945318250268
ENSG00000065665,F7/D6,1.15360222240382,non-DEG,0.276804096664999
ENSG00000065809,D5/D6,0.770195182266714,non-DEG,2.36772005369429
ENSG00000065882,D5/D6,0.807169156246735,non-DEG,0.0537065682173801
ENSG00000065923,D5/D6,1.15957559387311,non-DEG,2.30416142875667
ENSG00000065923,F7/D6,0.899922490077319,non-DEG,1.25825226996898
ENSG00000066044,D5/D6,0.912667727134046,non-DEG,2.81793743994119
ENSG00000066279,F7/D6,0.795943885516698,non-DEG,3.40916724925961
ENSG00000066294,D5/D6,0.706170731281424,non-DEG,0.326853621304424
ENSG00000066294,F7/D6,0.545235651451361,non-DEG,1.19256653738567
ENSG00000066379,D5/D6,0.876649007515496,non-DEG,2.27901913779982
ENSG00000066379,F7/D6,0.862799863091225,non-DEG,1.15227043119977
ENSG00000066827,D5/D6,1.32525213077184,non-DEG,1.12139154738025
ENSG00000066926,D5/D6,1.24954622567382,non-DEG,2.1625975649953
ENSG00000066933,D5/D6,0.711612804111574,non-DEG,0.0543951292299005
ENSG00000067066,D5/D6,1.20010917247888,non-DEG,2.12011763326307
ENSG00000067082,D5/D6,1.36203291548333,non-DEG,3.76585855369825
ENSG00000067113,D5/D6,1.23704538135378,non-DEG,2.94876638161735
ENSG00000067601,D5/D6,1.25609034383878,non-DEG,0.342733501725573
ENSG00000067955,D5/D6,0.881668980253562,non-DEG,1.9752319589072
ENSG00000067955,F7/D6,0.871804257142432,non-DEG,5.11458897335844
ENSG00000067992,D5/D6,1.1659659326385,non-DEG,2.58689883513353
ENSG00000067992,F7/D6,1.0801280783807,non-DEG,0.569917283299246
ENSG00000068079,D5/D6,1.03343157713257,non-DEG,2.72826361503856
ENSG00000068137,D5/D6,1.33107547615999,non-DEG,1.83564357714915
ENSG00000068323,D5/D6,1.1825416450389,non-DEG,0.711520075416318
ENSG00000068323,F7/D6,1.12257471560789,non-DEG,1.05208555705957
ENSG00000068366,D5/D6,0.567162362275044,non-DEG,1.27873629332575
ENSG00000068383,D5/D6,0.709190332081959,non-DEG,1.44464949891132
ENSG00000068383,F7/D6,0.757333268315548,non-DEG,0.153804396369295
ENSG00000068650,D5/D6,1.21665810899641,non-DEG,1.78900777510256
ENSG00000068650,F7/D6,1.20483760298433,non-DEG,0.634701599868094
ENSG00000068654,D5/D6,1.10114444670287,non-DEG,0.643050766294577
ENSG00000068654,F7/D6,1.16373334482918,non-DEG,3.27666954605614
ENSG00000068878,D5/D6,1.25323707524899,non-DEG,1.04065186198917
ENSG00000068878,F7/D6,1.32475390920933,non-DEG,1.30177905671694
ENSG00000068885,D5/D6,0.860876383113365,non-DEG,0.0522945839349283
ENSG00000068885,F7/D6,0.865737380035423,non-DEG,0.224432368144273
ENSG00000069329,D5/D6,1.13133673436879,non-DEG,1.6650254189042
ENSG00000069329,F7/D6,1.10307003907819,non-DEG,0.821068081798472
ENSG00000069702,D5/D6,2.78780467893347,up-regulate,3.93908340394318
ENSG00000069956,D5/D6,0.874828932719981,non-DEG,0.413862087210936
ENSG00000069974,D5/D6,0.676128645232582,non-DEG,0.499997076125769
ENSG00000069974,F7/D6,1.45273117295186,non-DEG,1.14924846000938
ENSG00000069998,F7/D6,1.27953030318087,non-DEG,3.96691393482612
ENSG00000070010,D5/D6,0.876753821482534,non-DEG,0.665108777951626
ENSG00000070018,D5/D6,0.629564098294334,non-DEG,0.614409636189091
ENSG00000070018,F7/D6,0.656836529722357,non-DEG,1.04525775534922
ENSG00000070501,F7/D6,1.24628284820039,non-DEG,3.46701259515614
ENSG00000070540,D5/D6,0.890608013789872,non-DEG,0.938749419920434
ENSG00000070540,F7/D6,1.24627341581363,non-DEG,0.314362584547996
ENSG00000070610,D5/D6,0.826371335021838,non-DEG,0.713854389491447
ENSG00000070610,F7/D6,0.849793740612076,non-DEG,1.02420505502559
ENSG00000070669,D5/D6,1.31949101595526,non-DEG,1.08184141730972
ENSG00000070718,D5/D6,1.15271430151743,non-DEG,1.37378492332116
ENSG00000070718,F7/D6,1.10125534707485,non-DEG,1.60716951451032
ENSG00000070759,F7/D6,0.855442167946592,non-DEG,1.00110360938603
ENSG00000070761,D5/D6,0.906486787872372,non-DEG,1.18616237881296
ENSG00000070761,F7/D6,0.825886436548877,non-DEG,3.01839137507077
ENSG00000070785,D5/D6,0.875004223090398,non-DEG,0.768627876421012
ENSG00000070882,D5/D6,1.39797967702536,non-DEG,0.618997031948749
ENSG00000070882,F7/D6,1.47725405410417,non-DEG,0.989123248222315
ENSG00000071051,D5/D6,1.26535216427265,non-DEG,1.92909130753371
ENSG00000071051,F7/D6,1.21657585553473,non-DEG,1.74336479137561
ENSG00000071082,D5/D6,1.48416091641112,non-DEG,2.93570098269951
ENSG00000071205,D5/D6,1.21434686186581,non-DEG,1.29716190833923
ENSG00000071539,D5/D6,0.852967327575718,non-DEG,0.71421282701858
ENSG00000071994,D5/D6,1.1639207279606,non-DEG,2.33692556161564
ENSG00000072694,D5/D6,1.16035744408619,non-DEG,0.945509206440623
ENSG00000072786,D5/D6,1.25734034935914,non-DEG,1.03973970275985
ENSG00000072786,F7/D6,1.1248961346396,non-DEG,3.0128696575634
ENSG00000072818,D5/D6,1.11867719880498,non-DEG,1.76415783161202
ENSG00000072840,D5/D6,0.145724879965658,down-regulate,2.51274270021298
ENSG00000072840,F7/D6,0.194089112542091,down-regulate,2.84775472613862
ENSG00000072849,D5/D6,0.879801466117498,non-DEG,1.38238132586348
ENSG00000072858,F7/D6,1.2258248382212,non-DEG,2.0398460293081
ENSG00000073111,D5/D6,0.876309841655323,non-DEG,1.97722359626337
ENSG00000073331,F7/D6,1.34200591618114,non-DEG,0.346710770957601
ENSG00000073417,F7/D6,0.875621334560805,non-DEG,1.20556611989264
ENSG00000073536,D5/D6,1.24333835169762,non-DEG,1.46580505684585
ENSG00000073536,F7/D6,1.14254332454051,non-DEG,1.51662409828525
ENSG00000073578,D5/D6,0.915353274140451,non-DEG,1.04827330917681
ENSG00000073849,D5/D6,0.906487056804689,non-DEG,0.506455857898898
ENSG00000073849,F7/D6,0.877984877070348,non-DEG,2.1497706076782
ENSG00000073921,F7/D6,0.845024253162016,non-DEG,3.39609337431019
ENSG00000074201,D5/D6,1.13130758214718,non-DEG,1.64008816740459
ENSG00000074266,F7/D6,0.850076443917217,non-DEG,0.718949094431269
ENSG00000074356,D5/D6,0.897352860505628,non-DEG,0.339243523470038
ENSG00000074696,D5/D6,0.757972336551659,non-DEG,2.56431558329267
ENSG00000074696,F7/D6,0.812279536506067,non-DEG,5.27031296610526
ENSG00000074706,D5/D6,0.280682998151066,down-regulate,0.723341598224653
ENSG00000074706,F7/D6,1.19794017344364,non-DEG,0.740770868693301
ENSG00000075142,F7/D6,1.14394533469406,non-DEG,0.699798893822857
ENSG00000075188,D5/D6,0.918259555399701,non-DEG,0.864331873768054
ENSG00000075240,D5/D6,0.701647401747627,non-DEG,1.85113005052317
ENSG00000075292,D5/D6,0.870217290687092,non-DEG,1.46553019228688
ENSG00000075292,F7/D6,0.927486859160464,non-DEG,0.613671055122706
ENSG00000075415,D5/D6,1.1949806461182,non-DEG,0.333909966162963
ENSG00000075415,F7/D6,1.07155963105913,non-DEG,1.4754867271607
ENSG00000075568,F7/D6,1.3203916274446,non-DEG,0.527295545066451
ENSG00000075618,D5/D6,1.00515152516513,non-DEG,2.10028677047681
ENSG00000075618,F7/D6,1.28687495899329,non-DEG,2.98367353066139
ENSG00000075884,D5/D6,0.854134926325124,non-DEG,1.58635631952857
ENSG00000075884,F7/D6,0.777649767191313,non-DEG,0.840578002694861
ENSG00000075945,D5/D6,0.769284301858448,non-DEG,1.66043272475072
ENSG00000076382,D5/D6,0.793316174326203,non-DEG,0.867257505116511
ENSG00000076382,F7/D6,0.787862613976256,non-DEG,0.973168914001681
ENSG00000076513,D5/D6,1.66608280738043,non-DEG,0.907691427599782
ENSG00000076604,D5/D6,1.19863682706533,non-DEG,2.1467325328234
ENSG00000076662,D5/D6,1.18581837786497,non-DEG,1.99650533479015
ENSG00000076770,D5/D6,1.17434862286491,non-DEG,1.00405630434266
ENSG00000076770,F7/D6,1.31106756836945,non-DEG,4.9286350924909
ENSG00000077152,D5/D6,0.805118706204837,non-DEG,0.288113265125648
ENSG00000077152,F7/D6,0.837188215202171,non-DEG,2.34020709179601
ENSG00000077232,D5/D6,1.13215378035357,non-DEG,1.50839387709678
ENSG00000077235,D5/D6,0.910977622511961,non-DEG,0.634593361506545
ENSG00000077254,D5/D6,0.881739175611331,non-DEG,0.270818506743418
ENSG00000077348,D5/D6,1.17380164915916,non-DEG,1.43877655541537
ENSG00000077380,D5/D6,0.872497992807175,non-DEG,0.613535474694813
ENSG00000077420,D5/D6,1.59176429389673,non-DEG,3.66168206321421
ENSG00000077420,F7/D6,1.17293041574667,non-DEG,0.640997216549753
ENSG00000077514,D5/D6,0.827401875059018,non-DEG,1.06187259305722
ENSG00000077585,D5/D6,1.5823761814794,non-DEG,0.656241667693212
ENSG00000078061,D5/D6,0.902044675692419,non-DEG,1.44723376386964
ENSG00000078070,F7/D6,1.11444234400135,non-DEG,1.18841094903697
ENSG00000078081,D5/D6,1.51691533082606,non-DEG,2.77820688773168
ENSG00000078081,F7/D6,1.38556766677634,non-DEG,0.590053603737532
ENSG00000078140,F7/D6,1.21643710706648,non-DEG,4.84117418949893
ENSG00000078142,D5/D6,0.874899051232925,non-DEG,0.777525198302805
ENSG00000078237,D5/D6,1.40005388361009,non-DEG,0.935653739998023
ENSG00000078237,F7/D6,1.30953296994591,non-DEG,0.744741164342297
ENSG00000078403,F7/D6,0.853813274363777,non-DEG,0.967768633959098
ENSG00000078668,D5/D6,0.864510423858714,non-DEG,0.400876084692843
ENSG00000078674,D5/D6,0.861046493679778,non-DEG,1.65761589837151
ENSG00000078674,F7/D6,0.871676723180892,non-DEG,0.72585781286558
ENSG00000078804,D5/D6,2.07772693181438,non-DEG,3.44035562348366
ENSG00000079246,D5/D6,0.853958002130155,non-DEG,0.696516904677506
ENSG00000079263,D5/D6,1.14216205208742,non-DEG,1.84854709112077
ENSG00000079263,F7/D6,0.89286976647414,non-DEG,1.80114137935075
ENSG00000079335,D5/D6,0.647134462960698,non-DEG,2.63714330881968
ENSG00000079335,F7/D6,0.755293483646563,non-DEG,2.19103451850793
ENSG00000079387,D5/D6,0.865184975662733,non-DEG,0.869910500050921
ENSG00000079931,D5/D6,0.138272688967387,down-regulate,4.82137675729132
ENSG00000079931,F7/D6,0.880123256020042,non-DEG,0.444766883099847
ENSG00000080345,D5/D6,0.850840399730878,non-DEG,2.00179594423169
ENSG00000080345,F7/D6,0.872527864024092,non-DEG,3.34807619417915
ENSG00000080819,D5/D6,0.871348713701262,non-DEG,3.41971910901922
ENSG00000080819,F7/D6,1.17207821636811,non-DEG,7.06766098051235
ENSG00000080824,D5/D6,0.838624855083644,non-DEG,0.830530212898853
ENSG00000081014,F7/D6,0.871031570950644,non-DEG,1.15697808921577
ENSG00000081189,D5/D6,0.826708394469094,non-DEG,0.662649836596556
ENSG00000081189,F7/D6,1.14181928566853,non-DEG,2.52419139501571
ENSG00000081237,D5/D6,1.46201756441122,non-DEG,0.907519624900547
ENSG00000081307,D5/D6,0.857337867831327,non-DEG,0.196842730717613
ENSG00000081721,D5/D6,0.878713409042264,non-DEG,2.06829912326913
ENSG00000081721,F7/D6,0.881138103153453,non-DEG,1.663186782
ENSG00000081760,F7/D6,1.25633791444874,non-DEG,3.22711960347231
ENSG00000081791,D5/D6,1.19793523364293,non-DEG,2.04456896966239
ENSG00000082213,F7/D6,0.90244480857573,non-DEG,0.71753060571023
ENSG00000082512,D5/D6,1.21546480033237,non-DEG,4.07701877690511
ENSG00000082641,F7/D6,0.798274482469294,non-DEG,2.5017577634889
ENSG00000083097,D5/D6,0.893429493153061,non-DEG,0.1627578041823
ENSG00000083168,F7/D6,0.899328847645718,non-DEG,0.849258169999452
ENSG00000083544,D5/D6,1.15990735365369,non-DEG,0.613096819475888
ENSG00000083720,F7/D6,1.22613912132568,non-DEG,1.26998737197329
ENSG00000083799,D5/D6,1.29265983849021,non-DEG,0.647969213357363
ENSG00000083799,F7/D6,1.145895922,non-DEG,1.30982267769369
ENSG00000083828,D5/D6,0.875749760481583,non-DEG,2.19570183527247
ENSG00000083845,D5/D6,1.25148153838404,non-DEG,0.568051147734533
ENSG00000083845,F7/D6,0.736963166385487,non-DEG,1.59756972048537
ENSG00000084070,D5/D6,1.23324809432525,non-DEG,1.8620326968419
ENSG00000084070,F7/D6,1.09765805678297,non-DEG,1.58549969416424
ENSG00000084073,F7/D6,1.19183455009561,non-DEG,2.72986375068902
ENSG00000084207,D5/D6,0.67452032066011,non-DEG,1.40710013177372
ENSG00000084207,F7/D6,0.674562275590584,non-DEG,2.07803390989997
ENSG00000084463,F7/D6,1.09814266444691,non-DEG,0.948045277947438
ENSG00000084676,D5/D6,0.864937741119747,non-DEG,1.52696765088831
ENSG00000084676,F7/D6,0.736033264006266,non-DEG,0.853855402376378
ENSG00000084693,D5/D6,0.872691755201441,non-DEG,0.185947030408134
ENSG00000084710,D5/D6,1.59057395524704,non-DEG,1.34998070353782
ENSG00000085063,D5/D6,1.10767698083346,non-DEG,0.920099969341311
ENSG00000085063,F7/D6,1.14000519937525,non-DEG,2.15351784027655
ENSG00000085117,D5/D6,1.19271383395541,non-DEG,2.73390750234217
ENSG00000085117,F7/D6,1.24650961766439,non-DEG,3.08045197051791
ENSG00000085377,F7/D6,1.11789425658958,non-DEG,0.635139517555313
ENSG00000085511,D5/D6,0.69357400793884,non-DEG,2.70825151697979
ENSG00000085511,F7/D6,0.802752834042761,non-DEG,1.80948671938632
ENSG00000085514,D5/D6,0.580621456456834,non-DEG,13.642178171088
ENSG00000085662,F7/D6,0.973947604637506,non-DEG,2.67114492834132
ENSG00000085721,F7/D6,1.18183768278952,non-DEG,0.799355733602062
ENSG00000085733,D5/D6,0.616963071350612,non-DEG,2.52285062394568
ENSG00000085733,F7/D6,1.20444764002921,non-DEG,2.04892257997395
ENSG00000085788,D5/D6,1.14677336876374,non-DEG,0.751021478426361
ENSG00000085832,F7/D6,0.935890960427929,non-DEG,2.44980329348853
ENSG00000085840,D5/D6,0.795750200388831,non-DEG,0.834779684403928
ENSG00000085840,F7/D6,0.845759313881785,non-DEG,1.80923204185037
ENSG00000085982,D5/D6,1.22517331173279,non-DEG,0.180970885559733
ENSG00000086062,D5/D6,0.72784862001841,non-DEG,5.71978664166544
ENSG00000086062,F7/D6,0.763591906513207,non-DEG,1.33926776617582
ENSG00000086504,F7/D6,0.848067297883551,non-DEG,3.03661911932257
ENSG00000086619,D5/D6,0.779033491720459,non-DEG,0.73664881034246
ENSG00000086619,F7/D6,0.916080309850722,non-DEG,3.77956209375603
ENSG00000086666,F7/D6,0.85611000224444,non-DEG,0.58914738954878
ENSG00000086712,D5/D6,1.12258326872571,non-DEG,1.02514431091096
ENSG00000086712,F7/D6,0.732441450195652,non-DEG,1.00257261212083
ENSG00000086730,D5/D6,0.91939272721141,non-DEG,0.771180292872602
ENSG00000086730,F7/D6,0.905435014595858,non-DEG,1.96064540646428
ENSG00000086848,F7/D6,0.811616225848706,non-DEG,1.75245973265002
ENSG00000087008,D5/D6,1.18248082431846,non-DEG,1.20455200997771
ENSG00000087008,F7/D6,0.818040453207425,non-DEG,1.13841978294128
ENSG00000087077,D5/D6,1.10410554227409,non-DEG,1.97996253869604
ENSG00000087077,F7/D6,0.742640784116414,non-DEG,1.82347576654856
ENSG00000087263,F7/D6,1.15192509970197,non-DEG,2.77613962025721
ENSG00000087269,D5/D6,1.16663177946912,non-DEG,0.70214199133086
ENSG00000087269,F7/D6,1.28689538668646,non-DEG,2.89931958382839
ENSG00000087365,D5/D6,0.905836082377812,non-DEG,0.958640746735382
ENSG00000087586,D5/D6,0.768615166241301,non-DEG,0.74898153364841
ENSG00000087586,F7/D6,0.867539278968355,non-DEG,1.22008299044051
ENSG00000087842,F7/D6,0.857233524599229,non-DEG,1.21378269111016
ENSG00000088035,D5/D6,0.751475131936288,non-DEG,2.90014721785101
ENSG00000088325,D5/D6,0.848522551378003,non-DEG,3.23219079759114
ENSG00000088325,F7/D6,0.862637378620815,non-DEG,1.73546281404513
ENSG00000088882,D5/D6,0.114085325900102,down-regulate,2.7175625406006
ENSG00000088882,F7/D6,0.180469492562287,down-regulate,1.72820814129228
ENSG00000088992,D5/D6,3.87951567006469,up-regulate,12.5144467118463
ENSG00000088992,F7/D6,2.63094132187805,up-regulate,8.89122886465151
ENSG00000089006,D5/D6,1.11411964328832,non-DEG,1.81803670238915
ENSG00000089009,D5/D6,1.30343916853914,non-DEG,0.750537481560244
ENSG00000089009,F7/D6,1.18093943743497,non-DEG,1.72056733822011
ENSG00000089057,F7/D6,1.65897080391077,non-DEG,0.90782882674071
ENSG00000089154,D5/D6,1.23610795672116,non-DEG,2.17349177541882
ENSG00000089154,F7/D6,1.13426152382917,non-DEG,2.43146358800987
ENSG00000089157,D5/D6,1.40201404033607,non-DEG,2.46608598108953
ENSG00000089157,F7/D6,1.17739804181701,non-DEG,1.60443876481094
ENSG00000089248,F7/D6,0.858538442066977,non-DEG,1.01830775799208
ENSG00000089289,D5/D6,1.32939351689237,non-DEG,0.239901502413061
ENSG00000089335,F7/D6,0.809910359862138,non-DEG,0.0143470114352823
ENSG00000089685,D5/D6,0.845841341172183,non-DEG,0.930248844498395
ENSG00000089685,F7/D6,0.873957766885268,non-DEG,3.05862962681659
ENSG00000089737,F7/D6,1.09853170450721,non-DEG,2.58437459109538
ENSG00000090013,D5/D6,1.68764767957238,non-DEG,2.49097013814377
ENSG00000090060,F7/D6,0.89468317331587,non-DEG,3.14589468231306
ENSG00000090273,F7/D6,1.10171419426033,non-DEG,1.21165595885674
ENSG00000090339,F7/D6,1.15947735451756,non-DEG,1.93371467701897
ENSG00000090661,D5/D6,1.15227417014029,non-DEG,1.92378848376332
ENSG00000090686,D5/D6,1.29643253130868,non-DEG,2.17191476283323
ENSG00000090857,F7/D6,3.23363274139988,up-regulate,10.0497720043751
ENSG00000090863,D5/D6,0.833715555263024,non-DEG,1.19658105660275
ENSG00000090905,D5/D6,0.850335979757404,non-DEG,0.136207114803538
ENSG00000091127,D5/D6,1.11957145442596,non-DEG,0.356009597592343
ENSG00000091140,F7/D6,1.09315562909603,non-DEG,1.081551637
ENSG00000091436,D5/D6,0.69316328000283,non-DEG,2.5781003393567
ENSG00000091436,F7/D6,1.2220424060859,non-DEG,0.828963137144781
ENSG00000091490,F7/D6,1.99258653384215,non-DEG,2.31979951758166
ENSG00000091640,F7/D6,0.955150251535132,non-DEG,3.22372795975731
ENSG00000091651,D5/D6,0.905054207676695,non-DEG,1.40657331574281
ENSG00000091947,D5/D6,1.21823189410295,non-DEG,2.09293019227401
ENSG00000091947,F7/D6,1.19672020306402,non-DEG,2.38083460755137
ENSG00000091972,D5/D6,0.508210851739076,non-DEG,2.88245190351165
ENSG00000092010,F7/D6,0.878650767904889,non-DEG,1.70667441285678
ENSG00000092036,F7/D6,0.803259466507452,non-DEG,0.163934843527809
ENSG00000092148,D5/D6,0.885839452365554,non-DEG,0.401049128922957
ENSG00000092148,F7/D6,0.912473389042928,non-DEG,0.8036469402776
ENSG00000092199,D5/D6,1.076950845,non-DEG,0.869972706480723
ENSG00000092201,D5/D6,0.928102141309264,non-DEG,0.139147291098295
ENSG00000092208,D5/D6,0.813644241740461,non-DEG,0.51778386500293
ENSG00000092208,F7/D6,1.21585956669863,non-DEG,1.66023455469607
ENSG00000092531,F7/D6,1.24560834064257,non-DEG,2.79477094954957
ENSG00000092841,D5/D6,1.17375737026705,non-DEG,0.320100882191481
ENSG00000092853,D5/D6,0.703722411240884,non-DEG,0.0409178808325163
ENSG00000092853,F7/D6,0.837735716997941,non-DEG,1.15517605104233
ENSG00000092871,D5/D6,0.803101071353284,non-DEG,1.03384822163673
ENSG00000092964,D5/D6,1.37960364925356,non-DEG,2.6723772393091
ENSG00000092964,F7/D6,0.75688757251382,non-DEG,2.72209033307523
ENSG00000093000,D5/D6,0.853155931905526,non-DEG,2.20814340552077
ENSG00000093000,F7/D6,0.8923108904993,non-DEG,0.639978780245735
ENSG00000093167,D5/D6,1.29263903976959,non-DEG,1.01147817211499
ENSG00000093167,F7/D6,1.19835360628052,non-DEG,0.996623187580026
ENSG00000093183,D5/D6,0.864841016021862,non-DEG,0.352088308442052
ENSG00000094916,D5/D6,0.82898263074262,non-DEG,1.8569837545179
ENSG00000095139,D5/D6,0.881944439410915,non-DEG,0.597264813052821
ENSG00000095380,F7/D6,0.777140569315744,non-DEG,3.00823459873091
ENSG00000096433,D5/D6,1.21911852972596,non-DEG,2.15674527155525
ENSG00000096717,F7/D6,0.905993821633079,non-DEG,1.07740151090558
ENSG00000096996,D5/D6,1.17409311153987,non-DEG,1.97131285125801
ENSG00000096996,F7/D6,0.842939478500942,non-DEG,2.4966919398088
ENSG00000097007,D5/D6,0.863295315381354,non-DEG,1.32930646967143
ENSG00000097033,F7/D6,1.1725423908443,non-DEG,2.24307697112825
ENSG00000099204,D5/D6,0.535459777428641,non-DEG,1.86251085522133
ENSG00000099204,F7/D6,0.700911185581175,non-DEG,0.912441411712153
ENSG00000099785,F7/D6,1.32370134322817,non-DEG,5.27801308182364
ENSG00000099817,F7/D6,1.01691847821818,non-DEG,4.26312073963485
ENSG00000099821,F7/D6,0.900227175646479,non-DEG,2.37367397391636
ENSG00000099860,D5/D6,1.12886656067684,non-DEG,2.17910236809669
ENSG00000099860,F7/D6,1.32177950541579,non-DEG,4.82519738099205
ENSG00000099875,D5/D6,0.850117242880545,non-DEG,1.50781776825428
ENSG00000099875,F7/D6,1.43228677203433,non-DEG,3.94586659238753
ENSG00000099901,D5/D6,0.841992301875753,non-DEG,0.562441479522984
ENSG00000099901,F7/D6,0.903479507898795,non-DEG,0.419328704099807
ENSG00000099910,F7/D6,0.859856246000747,non-DEG,0.396059399395589
ENSG00000099977,D5/D6,1.13323912105619,non-DEG,1.9768233786175
ENSG00000099977,F7/D6,1.15977729978706,non-DEG,1.66414638584063
ENSG00000100029,D5/D6,1.2087376555933,non-DEG,3.06509096421498
ENSG00000100029,F7/D6,1.17184396002405,non-DEG,2.59942734542406
ENSG00000100031,F7/D6,0.807409905672678,non-DEG,0.933554194956605
ENSG00000100055,F7/D6,0.775431802878205,non-DEG,0.386223943369334
ENSG00000100097,D5/D6,4.45447675259244,up-regulate,1.95401089851079
ENSG00000100097,F7/D6,2.04285640766593,up-regulate,0.897049042480753
ENSG00000100105,D5/D6,0.842267330396202,non-DEG,1.01228269454853
ENSG00000100116,D5/D6,1.606810929,non-DEG,2.43836774633264
ENSG00000100116,F7/D6,1.41904718676553,non-DEG,0.978492136155745
ENSG00000100124,D5/D6,0.827024303802629,non-DEG,0.265102240575995
ENSG00000100129,D5/D6,1.29169094802365,non-DEG,1.97242988212557
ENSG00000100129,F7/D6,1.10213631825417,non-DEG,1.85321721895015
ENSG00000100138,D5/D6,1.16627164058858,non-DEG,8.78378792347643
ENSG00000100151,F7/D6,1.2409296684541,non-DEG,2.56190335664373
ENSG00000100162,D5/D6,0.791052430254123,non-DEG,0.581753498898953
ENSG00000100162,F7/D6,0.754761646125962,non-DEG,2.31120728
ENSG00000100201,D5/D6,1.06537185159133,non-DEG,0.442230624875415
ENSG00000100201,F7/D6,0.946765997289362,non-DEG,3.05037379988174
ENSG00000100219,D5/D6,0.707902336717076,non-DEG,1.94071521780249
ENSG00000100219,F7/D6,0.697530253057699,non-DEG,3.1594943235845
ENSG00000100220,F7/D6,1.128900664,non-DEG,2.12589005779914
ENSG00000100221,D5/D6,1.18474065266425,non-DEG,0.801683854404727
ENSG00000100221,F7/D6,1.12497917906974,non-DEG,2.68463321534771
ENSG00000100225,F7/D6,0.908247609513371,non-DEG,3.1209100316859
ENSG00000100226,D5/D6,1.17510491603171,non-DEG,0.713436152931262
ENSG00000100258,F7/D6,0.885204271131164,non-DEG,1.30102687488362
ENSG00000100281,D5/D6,0.835667767672136,non-DEG,0.944606440680263
ENSG00000100292,D5/D6,2.13384095063642,up-regulate,2.56706167855594
ENSG00000100292,F7/D6,1.78764284764025,non-DEG,1.58067558519015
ENSG00000100297,D5/D6,0.87559287956818,non-DEG,1.65287828980765
ENSG00000100297,F7/D6,0.877354800404164,non-DEG,1.89446292193272
ENSG00000100298,D5/D6,1.86498930167542,non-DEG,5.1626812384364
ENSG00000100300,D5/D6,1.67026414933603,non-DEG,1.55857761535479
ENSG00000100304,D5/D6,1.18827866038237,non-DEG,1.39195459711862
ENSG00000100304,F7/D6,0.947006354489283,non-DEG,4.0222945805825
ENSG00000100307,D5/D6,1.51225395514829,non-DEG,2.41695261655698
ENSG00000100316,D5/D6,1.42322910317689,non-DEG,1.29307431932445
ENSG00000100324,D5/D6,0.854807446300292,non-DEG,0.504957757253885
ENSG00000100330,D5/D6,1.15412861051138,non-DEG,0.0427853567692296
ENSG00000100330,F7/D6,1.13269224784082,non-DEG,0.904238397336089
ENSG00000100348,D5/D6,1.13495026934819,non-DEG,2.64928580127895
ENSG00000100348,F7/D6,1.16453384720961,non-DEG,1.93320818570478
ENSG00000100353,D5/D6,1.20186891027382,non-DEG,1.43917532187251
ENSG00000100364,D5/D6,1.20324164930023,non-DEG,0.0307953275408352
ENSG00000100364,F7/D6,0.844344254700557,non-DEG,2.29639002089698
ENSG00000100368,D5/D6,0.692911259146213,non-DEG,0.691144705267807
ENSG00000100368,F7/D6,0.5925337312483,non-DEG,3.16552276674631
ENSG00000100380,D5/D6,1.08276402305211,non-DEG,0.432756850387364
ENSG00000100387,D5/D6,0.902364409509395,non-DEG,1.8232434628157
ENSG00000100395,D5/D6,0.897960570496919,non-DEG,2.79760595165319
ENSG00000100395,F7/D6,0.874761756935368,non-DEG,2.4859138019693
ENSG00000100427,F7/D6,0.840829533660058,non-DEG,0.0733786851892522
ENSG00000100441,D5/D6,0.913732017306176,non-DEG,0.447898456130301
ENSG00000100441,F7/D6,0.872135404803737,non-DEG,2.90848786244701
ENSG00000100479,D5/D6,0.776578302776554,non-DEG,0.775453349821635
ENSG00000100479,F7/D6,0.826260345887035,non-DEG,0.534859155805551
ENSG00000100519,D5/D6,0.922600269028347,non-DEG,0.302596210587216
ENSG00000100519,F7/D6,1.21053106823898,non-DEG,2.91433596716554
ENSG00000100591,D5/D6,0.874968873703709,non-DEG,0.848617095769811
ENSG00000100596,F7/D6,0.885589909656457,non-DEG,1.83984331628222
ENSG00000100612,F7/D6,1.45492689150635,non-DEG,1.13343831391571
ENSG00000100632,F7/D6,0.916928054469703,non-DEG,1.70355768039949
ENSG00000100644,F7/D6,1.2066831055107,non-DEG,3.64527670703494
ENSG00000100647,D5/D6,1.18149583536973,non-DEG,1.89803632463731
ENSG00000100647,F7/D6,1.2079302580137,non-DEG,2.77142980561657
ENSG00000100650,D5/D6,1.12904803161554,non-DEG,1.00544809085856
ENSG00000100664,D5/D6,1.11084750459315,non-DEG,1.61508493078526
ENSG00000100678,D5/D6,0.812642133841871,non-DEG,0.187213817078166
ENSG00000100678,F7/D6,0.661607452262015,non-DEG,0.717448807304196
ENSG00000100721,D5/D6,0.877030693260438,non-DEG,2.0456305841708
ENSG00000100721,F7/D6,1.30085816736395,non-DEG,4.42294388126692
ENSG00000100744,F7/D6,1.29617000138265,non-DEG,2.07557372290923
ENSG00000100814,D5/D6,1.26763896903327,non-DEG,1.47014534896469
ENSG00000100865,D5/D6,1.20676019556684,non-DEG,0.676722705281169
ENSG00000100865,F7/D6,1.30479508654402,non-DEG,0.424169439016107
ENSG00000100888,D5/D6,0.883876232447762,non-DEG,0.506614906684617
ENSG00000100902,D5/D6,1.21689501833308,non-DEG,0.346440231682968
ENSG00000100902,F7/D6,1.22144701376345,non-DEG,1.91676114118494
ENSG00000100926,D5/D6,0.775804154103822,non-DEG,1.11887959813701
ENSG00000100941,D5/D6,1.05834512139983,non-DEG,3.82940910175332
ENSG00000100941,F7/D6,1.15436592310729,non-DEG,2.5316626026812
ENSG00000100979,D5/D6,0.615660567679158,non-DEG,0.667576018554823
ENSG00000100982,F7/D6,0.882813066401459,non-DEG,0.750415931986624
ENSG00000100991,D5/D6,1.0940568392658,non-DEG,1.67536776141064
ENSG00000101052,D5/D6,0.862701561999581,non-DEG,1.46280488225265
ENSG00000101096,D5/D6,1.23432352715162,non-DEG,0.32374651511521
ENSG00000101096,F7/D6,0.756079261918333,non-DEG,0.856145059667125
ENSG00000101104,F7/D6,1.28611634954628,non-DEG,0.581774155180303
ENSG00000101109,F7/D6,1.06215260036951,non-DEG,1.12666081502046
ENSG00000101126,D5/D6,0.600726349672206,non-DEG,15.2069048921783
ENSG00000101152,F7/D6,1.13751742692798,non-DEG,2.79620284905374
ENSG00000101161,D5/D6,1.52579436931798,non-DEG,1.05147898490674
ENSG00000101182,D5/D6,0.873672763029418,non-DEG,0.720816404258404
ENSG00000101182,F7/D6,0.874517971669509,non-DEG,1.63421974183901
ENSG00000101187,D5/D6,1.25668626572305,non-DEG,0.92158375224169
ENSG00000101191,D5/D6,0.957887809364304,non-DEG,5.68270823036559
ENSG00000101191,F7/D6,0.881084307502239,non-DEG,0.323167431896298
ENSG00000101255,D5/D6,1.53738140200488,non-DEG,2.53097996768575
ENSG00000101255,F7/D6,0.745279977914413,non-DEG,2.30528465366995
ENSG00000101290,D5/D6,1.04472427279304,non-DEG,4.00145398854012
ENSG00000101337,D5/D6,1.15863627226125,non-DEG,0.30373660760025
ENSG00000101337,F7/D6,1.12907644202164,non-DEG,0.305660439525748
ENSG00000101343,D5/D6,0.857538401556535,non-DEG,1.40871847487006
ENSG00000101346,D5/D6,1.11574839582818,non-DEG,0.745564178022358
ENSG00000101346,F7/D6,1.14578834324037,non-DEG,1.76779829993652
ENSG00000101347,D5/D6,0.909734248972621,non-DEG,0.00942459911126245
ENSG00000101367,D5/D6,0.933572809788621,non-DEG,0.696488039133025
ENSG00000101407,D5/D6,0.75577632403171,non-DEG,4.79239522313922
ENSG00000101412,D5/D6,0.815279709624541,non-DEG,1.10271661540436
ENSG00000101412,F7/D6,0.831506728381531,non-DEG,1.93878455263115
ENSG00000101413,D5/D6,0.829422599991843,non-DEG,3.19895565983562
ENSG00000101413,F7/D6,0.787856416986593,non-DEG,3.66591989835953
ENSG00000101444,D5/D6,1.3546739419184,non-DEG,0.957285197768648
ENSG00000101444,F7/D6,1.141494843,non-DEG,2.13131525878292
ENSG00000101445,F7/D6,1.16350834914588,non-DEG,3.08017408573013
ENSG00000101447,D5/D6,1.21422959679214,non-DEG,0.624753970313507
ENSG00000101447,F7/D6,1.21522108846687,non-DEG,1.36254179800597
ENSG00000101452,D5/D6,1.1587509334818,non-DEG,2.53549171871047
ENSG00000101452,F7/D6,1.14273952046997,non-DEG,1.71034208513301
ENSG00000101577,F7/D6,1.30228407186145,non-DEG,1.95232964420261
ENSG00000101596,F7/D6,0.842583494755494,non-DEG,1.75348962250927
ENSG00000101608,D5/D6,1.11686683660551,non-DEG,0.973217387522826
ENSG00000101639,F7/D6,0.899644318301343,non-DEG,0.985973736430271
ENSG00000101654,D5/D6,1.20568391822312,non-DEG,1.80395065452225
ENSG00000101665,D5/D6,0.78814256891911,non-DEG,1.843605704
ENSG00000101773,D5/D6,0.905008089654096,non-DEG,0.611178579973504
ENSG00000101811,D5/D6,0.877545505103116,non-DEG,0.894257682742033
ENSG00000101868,D5/D6,0.895814072164267,non-DEG,1.22723688516378
ENSG00000101901,D5/D6,1.66738259410594,non-DEG,1.38163053600267
ENSG00000101972,F7/D6,0.869068324775091,non-DEG,4.34313946116428
ENSG00000101974,D5/D6,1.09490112863112,non-DEG,0.720393749749531
ENSG00000102007,D5/D6,2.32159761550551,up-regulate,2.48191940970034
ENSG00000102007,F7/D6,1.27207309897846,non-DEG,1.53559077795197
ENSG00000102030,D5/D6,1.57007598546657,non-DEG,0.160694093220893
ENSG00000102030,F7/D6,1.14775636535177,non-DEG,0.0678404418166059
ENSG00000102096,D5/D6,0.887000452143077,non-DEG,0.646803855665835
ENSG00000102096,F7/D6,1.32213327173441,non-DEG,2.15340446629871
ENSG00000102158,D5/D6,0.91082774787859,non-DEG,0.249497015499071
ENSG00000102172,D5/D6,1.31216087732562,non-DEG,2.2583983173462
ENSG00000102172,F7/D6,1.14051617295332,non-DEG,1.26490913730655
ENSG00000102178,F7/D6,0.888429052955551,non-DEG,1.80972050411485
ENSG00000102181,F7/D6,1.47016908044361,non-DEG,7.43184487918039
ENSG00000102241,D5/D6,0.886480460117829,non-DEG,0.239941701950138
ENSG00000102317,D5/D6,1.16146033294479,non-DEG,0.375486997964239
ENSG00000102317,F7/D6,0.906071479127107,non-DEG,1.05114999668152
ENSG00000102384,D5/D6,0.682868677514699,non-DEG,2.39188950796358
ENSG00000102390,D5/D6,1.16894005774386,non-DEG,1.10475615270788
ENSG00000102409,F7/D6,2.50251459183467,up-regulate,1.92327036756977
ENSG00000102531,D5/D6,0.913633704262876,non-DEG,0.278494855370849
ENSG00000102531,F7/D6,0.86590200340075,non-DEG,4.28278518973808
ENSG00000102572,D5/D6,1.14606636713951,non-DEG,0.907168607
ENSG00000102572,F7/D6,0.868368490179755,non-DEG,1.9810021891616
ENSG00000102710,D5/D6,0.906893104913326,non-DEG,0.130303397292889
ENSG00000102743,F7/D6,1.19778985373514,non-DEG,1.12463618028582
ENSG00000102871,D5/D6,1.14795565475404,non-DEG,1.51309351178686
ENSG00000102900,D5/D6,1.1938548208081,non-DEG,0.487469276950041
ENSG00000102908,D5/D6,1.26520154425124,non-DEG,1.97598425985321
ENSG00000102908,F7/D6,1.13922768529927,non-DEG,1.75679230479703
ENSG00000102910,F7/D6,1.09470464428794,non-DEG,2.56994643253095
ENSG00000102962,D5/D6,1.68472180770511,non-DEG,2.07654908064892
ENSG00000102962,F7/D6,2.57067068652414,up-regulate,3.7326594433751
ENSG00000102970,F7/D6,2.45388433654241,up-regulate,4.95496811201646
ENSG00000103018,D5/D6,0.817728784720946,non-DEG,0.804607702001768
ENSG00000103018,F7/D6,0.823719776801498,non-DEG,1.92792941495074
ENSG00000103035,F7/D6,0.903963496363506,non-DEG,1.53147119738037
ENSG00000103061,F7/D6,0.853424819047831,non-DEG,2.14655527308332
ENSG00000103091,D5/D6,1.1729954734192,non-DEG,1.2303479242758
ENSG00000103091,F7/D6,1.12904595903544,non-DEG,0.0608719883660615
ENSG00000103152,D5/D6,1.23239199756351,non-DEG,0.706148516651853
ENSG00000103248,F7/D6,1.1518666120212,non-DEG,0.871858987105387
ENSG00000103264,D5/D6,1.50466290172759,non-DEG,0.873312941190136
ENSG00000103264,F7/D6,1.62872339219566,non-DEG,1.38773577344098
ENSG00000103266,F7/D6,1.11777332616388,non-DEG,2.31318355644278
ENSG00000103274,D5/D6,0.699038539844381,non-DEG,0.888082795041004
ENSG00000103274,F7/D6,0.710801044233879,non-DEG,2.11926293506841
ENSG00000103319,F7/D6,0.850005400771296,non-DEG,3.05272704919612
ENSG00000103335,D5/D6,1.17504027260616,non-DEG,0.880127204039433
ENSG00000103365,D5/D6,1.09475241500125,non-DEG,1.0354965174094
ENSG00000103415,D5/D6,1.15575875497229,non-DEG,1.12784995602813
ENSG00000103429,D5/D6,0.912045210104313,non-DEG,0.977871819252079
ENSG00000103429,F7/D6,0.858142803408734,non-DEG,0.947449230155961
ENSG00000103479,F7/D6,1.2843883066287,non-DEG,1.02910487456608
ENSG00000103485,D5/D6,0.893079983950727,non-DEG,1.46328197386425
ENSG00000103490,D5/D6,1.44382937754935,non-DEG,0.565400281345955
ENSG00000103522,D5/D6,0.87585591191694,non-DEG,1.06269343161134
ENSG00000103522,F7/D6,0.773034006699678,non-DEG,2.464043823
ENSG00000103569,F7/D6,0.594647210994865,non-DEG,2.03108361017233
ENSG00000103657,D5/D6,0.879259898871809,non-DEG,1.64171091193798
ENSG00000103966,D5/D6,1.75578348144742,non-DEG,0.818023986115084
ENSG00000103966,F7/D6,1.44016581113974,non-DEG,3.57327981943058
ENSG00000103994,D5/D6,0.906625925935095,non-DEG,0.377902258809243
ENSG00000104081,D5/D6,1.37930210553976,non-DEG,1.57767551197652
ENSG00000104081,F7/D6,1.01190727569003,non-DEG,3.09043182064377
ENSG00000104093,D5/D6,0.722055894918378,non-DEG,0.419356217840345
ENSG00000104231,D5/D6,1.19226017913201,non-DEG,0.4774808681089
ENSG00000104341,D5/D6,0.22764611382428,down-regulate,8.8564927490599
ENSG00000104341,F7/D6,0.569686223508815,non-DEG,10.8078368661584
ENSG00000104361,D5/D6,1.19884720206936,non-DEG,0.596288902818237
ENSG00000104388,D5/D6,1.10026750099651,non-DEG,1.19488556792114
ENSG00000104388,F7/D6,1.27820785237046,non-DEG,4.1166265433973
ENSG00000104472,F7/D6,0.730471781227827,non-DEG,0.0450536382339281
ENSG00000104517,F7/D6,0.907593104591753,non-DEG,1.17575164665042
ENSG00000104518,F7/D6,1.16426780141666,non-DEG,0.952628314226941
ENSG00000104529,D5/D6,1.28322469160427,non-DEG,2.68183588626102
ENSG00000104549,D5/D6,0.796189239331836,non-DEG,2.76086511594236
ENSG00000104549,F7/D6,0.749324315271112,non-DEG,5.01825912841315
ENSG00000104613,F7/D6,0.969601474925334,non-DEG,3.20227900967223
ENSG00000104635,D5/D6,1.11273491332667,non-DEG,3.14940335888715
ENSG00000104635,F7/D6,1.15147931146786,non-DEG,0.105603689962736
ENSG00000104687,F7/D6,0.823673945508763,non-DEG,2.52735242376335
ENSG00000104756,D5/D6,0.871174874801913,non-DEG,1.26864810312872
ENSG00000104756,F7/D6,0.827181845025726,non-DEG,0.0274785309961317
ENSG00000104783,F7/D6,1.29168564558059,non-DEG,2.20775775201786
ENSG00000104812,F7/D6,1.25557466052122,non-DEG,1.9543199540606
ENSG00000104856,D5/D6,1.22435820745801,non-DEG,2.66499740972433
ENSG00000104872,D5/D6,0.874107614306931,non-DEG,1.33162700483797
ENSG00000104889,D5/D6,0.855569676180567,non-DEG,1.75536092335851
ENSG00000104889,F7/D6,0.839662698390041,non-DEG,2.64490711680936
ENSG00000104903,D5/D6,0.502542263987202,down-regulate,1.63561366591465
ENSG00000104903,F7/D6,0.389451934884208,down-regulate,1.91467662876195
ENSG00000104904,D5/D6,1.13376707685577,non-DEG,0.964131401715847
ENSG00000104980,F7/D6,0.88488994297422,non-DEG,2.71741644002037
ENSG00000105011,D5/D6,0.865045024305834,non-DEG,1.07220707822464
ENSG00000105011,F7/D6,0.845562179391909,non-DEG,2.33285130044806
ENSG00000105122,F7/D6,0.811609156073573,non-DEG,1.08616261590015
ENSG00000105173,D5/D6,0.776625425647945,non-DEG,0.593342079371092
ENSG00000105173,F7/D6,0.857069658796735,non-DEG,1.92470240192132
ENSG00000105185,F7/D6,1.29419118060832,non-DEG,4.02299871974961
ENSG00000105186,F7/D6,0.905017026734612,non-DEG,1.96164404070964
ENSG00000105202,D5/D6,1.27119137022258,non-DEG,2.83640121157674
ENSG00000105229,F7/D6,0.872044128258866,non-DEG,1.33691574514245
ENSG00000105246,D5/D6,1.24545187564483,non-DEG,1.13006959086959
ENSG00000105246,F7/D6,1.27297922501365,non-DEG,1.64731912504485
ENSG00000105258,D5/D6,1.16957637880422,non-DEG,3.95923318878617
ENSG00000105321,D5/D6,0.838701736853818,non-DEG,0.7884255893679
ENSG00000105321,F7/D6,0.748855298400584,non-DEG,0.62603566442787
ENSG00000105355,D5/D6,1.50181351886046,non-DEG,10.1303569655365
ENSG00000105369,D5/D6,0.816074123203166,non-DEG,0.703838915243956
ENSG00000105369,F7/D6,0.807322176695696,non-DEG,2.15475348906768
ENSG00000105373,D5/D6,1.33128662578024,non-DEG,3.10433427474925
ENSG00000105373,F7/D6,1.15310988166438,non-DEG,3.54514959363566
ENSG00000105379,D5/D6,1.30365166684751,non-DEG,2.78040332275568
ENSG00000105379,F7/D6,1.20167741681533,non-DEG,2.14294640809837
ENSG00000105401,F7/D6,1.13505217596356,non-DEG,2.74506063197561
ENSG00000105438,F7/D6,0.835750016944316,non-DEG,1.29072621693862
ENSG00000105583,D5/D6,1.08955923428401,non-DEG,0.399992666391713
ENSG00000105583,F7/D6,1.02188589591822,non-DEG,3.71269097299903
ENSG00000105619,D5/D6,0.792092867020099,non-DEG,1.17981012558832
ENSG00000105640,D5/D6,1.41628197398734,non-DEG,0.833991364360527
ENSG00000105669,F7/D6,0.876115608116082,non-DEG,1.86679379171729
ENSG00000105717,D5/D6,0.568678936440533,non-DEG,0.723416150948594
ENSG00000105717,F7/D6,0.485521999398475,non-DEG,7.98820311698978
ENSG00000105732,D5/D6,0.80373248877782,non-DEG,2.16900843425701
ENSG00000105738,D5/D6,1.18310628834206,non-DEG,0.732315313911854
ENSG00000105755,D5/D6,2.4238883928064,up-regulate,1.30368562027501
ENSG00000105755,F7/D6,1.38547610173418,non-DEG,2.29145897457171
ENSG00000105821,F7/D6,1.12592364355905,non-DEG,0.446438235508977
ENSG00000105939,D5/D6,1.13593322325402,non-DEG,0.794878946447159
ENSG00000105963,D5/D6,1.14469340315204,non-DEG,0.436952845521281
ENSG00000105968,D5/D6,0.814892740013125,non-DEG,0.391487283314424
ENSG00000105968,F7/D6,0.839007765402116,non-DEG,0.509207794601072
ENSG00000105993,F7/D6,1.11403684634739,non-DEG,2.68274736750715
ENSG00000106028,D5/D6,1.13148964112804,non-DEG,1.47262355802414
ENSG00000106049,F7/D6,1.08898290809123,non-DEG,0.429286499784424
ENSG00000106052,D5/D6,1.10862099309361,non-DEG,0.381011178628534
ENSG00000106052,F7/D6,1.15009708645321,non-DEG,1.73205063122607
ENSG00000106100,D5/D6,0.790368063295128,non-DEG,1.28281423042357
ENSG00000106144,D5/D6,0.894229257415636,non-DEG,0.784285022775654
ENSG00000106244,F7/D6,1.09696235785985,non-DEG,3.6163776909281
ENSG00000106245,D5/D6,1.06767284571814,non-DEG,1.40441817062678
ENSG00000106261,F7/D6,1.14892152911571,non-DEG,1.66040846158552
ENSG00000106263,D5/D6,1.11221361881575,non-DEG,0.906062989000923
ENSG00000106266,D5/D6,1.29221193613776,non-DEG,1.01704164497095
ENSG00000106305,F7/D6,0.904997500828561,non-DEG,1.12840014263369
ENSG00000106346,D5/D6,0.813766741840955,non-DEG,0.364133599002699
ENSG00000106346,F7/D6,0.85614697499928,non-DEG,0.130759612218138
ENSG00000106404,F7/D6,1.21973175046191,non-DEG,1.48593386181707
ENSG00000106591,D5/D6,1.17106357300371,non-DEG,2.76416824772643
ENSG00000106603,D5/D6,1.14925476368616,non-DEG,0.648124599816111
ENSG00000106610,D5/D6,1.32952456531954,non-DEG,0.00563480796866369
ENSG00000106610,F7/D6,1.1678934880909,non-DEG,1.88933233967588
ENSG00000106615,D5/D6,1.12714968530266,non-DEG,1.53919319426095
ENSG00000106665,D5/D6,1.17892467693331,non-DEG,1.99502875544105
ENSG00000106665,F7/D6,0.824290388924028,non-DEG,3.93869242639629
ENSG00000106683,D5/D6,0.812698812820432,non-DEG,1.26486154417271
ENSG00000106688,D5/D6,0.856009802455943,non-DEG,3.13897380490017
ENSG00000106688,F7/D6,1.18796458926385,non-DEG,2.36508849220528
ENSG00000106785,D5/D6,1.32750008277756,non-DEG,2.71378127678674
ENSG00000106785,F7/D6,0.861780092254826,non-DEG,2.01670869497871
ENSG00000106829,F7/D6,0.772278167372157,non-DEG,3.4745914644495
ENSG00000106868,D5/D6,0.816780916885467,non-DEG,0.972280857063505
ENSG00000106868,F7/D6,0.797489624150879,non-DEG,0.140543636124369
ENSG00000107140,D5/D6,1.17497116586991,non-DEG,0.894606743163455
ENSG00000107175,F7/D6,1.13019383229129,non-DEG,2.32253970098345
ENSG00000107201,D5/D6,1.11583327764786,non-DEG,0.715383917987804
ENSG00000107201,F7/D6,0.871204513153985,non-DEG,0.857836807791552
ENSG00000107242,D5/D6,1.21986362477488,non-DEG,0.28966300420386
ENSG00000107242,F7/D6,1.53137412747719,non-DEG,1.10756721268706
ENSG00000107262,F7/D6,1.01807972432425,non-DEG,3.42070490365854
ENSG00000107372,F7/D6,0.903924475171578,non-DEG,2.89854704007752
ENSG00000107438,D5/D6,1.10092950647723,non-DEG,0.838988927877566
ENSG00000107485,D5/D6,0.158718891745077,down-regulate,12.3079136052807
ENSG00000107485,F7/D6,0.477824502209471,non-DEG,11.5788532261221
ENSG00000107554,D5/D6,1.7575177306433,non-DEG,0.895862209667732
ENSG00000107554,F7/D6,1.74179579883628,non-DEG,0.433379062599832
ENSG00000107566,D5/D6,0.867554315846418,non-DEG,3.45752263577223
ENSG00000107625,D5/D6,1.1217103429621,non-DEG,1.39589438317207
ENSG00000107672,F7/D6,0.908532759785853,non-DEG,1.4959483683797
ENSG00000107719,D5/D6,1.49518200874402,non-DEG,0.724027183013979
ENSG00000107745,D5/D6,1.21212189627457,non-DEG,8.09905581834014
ENSG00000107745,F7/D6,0.755674094216543,non-DEG,6.43969547742491
ENSG00000107771,F7/D6,1.54974251053403,non-DEG,4.16484452355884
ENSG00000107798,D5/D6,1.15917936550876,non-DEG,1.54880304291214
ENSG00000107798,F7/D6,1.18555423781785,non-DEG,0.489088763277404
ENSG00000107829,D5/D6,1.14990222321585,non-DEG,0.0942326012194014
ENSG00000107829,F7/D6,1.12847021234967,non-DEG,1.98561416502276
ENSG00000107833,F7/D6,1.24782130793798,non-DEG,3.22977188326382
ENSG00000107938,D5/D6,0.699912598023251,non-DEG,1.09194010767998
ENSG00000107938,F7/D6,0.734393480026594,non-DEG,1.42358023605766
ENSG00000107949,F7/D6,1.10928737362528,non-DEG,1.0164755017729
ENSG00000107957,F7/D6,0.786760220813509,non-DEG,1.85639238066228
ENSG00000107968,F7/D6,1.1717987859459,non-DEG,1.99130264864227
ENSG00000108010,D5/D6,1.14770498040261,non-DEG,0.190716919732325
ENSG00000108039,D5/D6,1.12862711354139,non-DEG,0.909326996158587
ENSG00000108039,F7/D6,1.18953453942396,non-DEG,2.25356059913895
ENSG00000108055,D5/D6,0.865401207331888,non-DEG,1.41689348786576
ENSG00000108055,F7/D6,0.84980414545366,non-DEG,1.96301759400198
ENSG00000108100,D5/D6,0.919173386122825,non-DEG,0.201979654259879
ENSG00000108106,F7/D6,0.803204315224344,non-DEG,4.28001710086276
ENSG00000108179,D5/D6,1.1621803258598,non-DEG,0.734403119495255
ENSG00000108344,F7/D6,0.892909734735528,non-DEG,2.18851083042664
ENSG00000108349,D5/D6,1.11201969338484,non-DEG,1.07519957858014
ENSG00000108389,D5/D6,1.11603065937942,non-DEG,1.66578947930059
ENSG00000108389,F7/D6,1.13801825917007,non-DEG,0.588422242443026
ENSG00000108424,D5/D6,0.908919981491008,non-DEG,0.664614721346129
ENSG00000108439,D5/D6,1.2400246087261,non-DEG,1.55698070960659
ENSG00000108439,F7/D6,1.2865223033449,non-DEG,1.73538867284271
ENSG00000108468,D5/D6,0.827469515333228,non-DEG,1.01040387850814
ENSG00000108506,D5/D6,0.841893230125607,non-DEG,0.607412026877422
ENSG00000108506,F7/D6,0.912394632074303,non-DEG,0.225190358966957
ENSG00000108528,D5/D6,0.86753654096858,non-DEG,1.1839079095074
ENSG00000108557,D5/D6,0.881571073386969,non-DEG,0.964571049397528
ENSG00000108557,F7/D6,0.744313473857154,non-DEG,0.772999174316154
ENSG00000108578,D5/D6,0.878124640843418,non-DEG,2.56994691502821
ENSG00000108771,D5/D6,1.27132163550623,non-DEG,0.572413717541797
ENSG00000108774,D5/D6,0.87149709238277,non-DEG,2.28964179341524
ENSG00000108797,D5/D6,1.13333687034081,non-DEG,2.07908999630699
ENSG00000108797,F7/D6,1.13417766378425,non-DEG,1.44840246501406
ENSG00000108798,D5/D6,1.33998518048028,non-DEG,1.28036262870619
ENSG00000108798,F7/D6,1.16498414462368,non-DEG,0.907937400806203
ENSG00000108819,D5/D6,1.06781755096549,non-DEG,3.25088613172387
ENSG00000108819,F7/D6,1.13491642518891,non-DEG,4.02410646880637
ENSG00000108848,D5/D6,1.13103391330981,non-DEG,1.31521897280535
ENSG00000108861,F7/D6,1.43745822706586,non-DEG,0.79940455247922
ENSG00000108932,F7/D6,0.822651410917434,non-DEG,0.0864161175245142
ENSG00000108953,F7/D6,0.919104756173715,non-DEG,1.08411862191773
ENSG00000109046,F7/D6,1.0202993192674,non-DEG,6.42172303852506
ENSG00000109065,D5/D6,1.22705928016607,non-DEG,0.547470158860274
ENSG00000109065,F7/D6,1.20795693229945,non-DEG,0.671936010599947
ENSG00000109103,F7/D6,0.856249651634385,non-DEG,1.62424326378248
ENSG00000109107,F7/D6,1.33939845438478,non-DEG,2.21690649934556
ENSG00000109184,F7/D6,1.18701183704865,non-DEG,1.44816538954804
ENSG00000109381,D5/D6,0.790765050898439,non-DEG,1.11169707337221
ENSG00000109445,D5/D6,1.15066575671724,non-DEG,1.61990834345635
ENSG00000109445,F7/D6,1.11266054768244,non-DEG,0.932755432976878
ENSG00000109466,D5/D6,0.645231143417555,non-DEG,2.74142698291756
ENSG00000109466,F7/D6,0.882245607535292,non-DEG,1.14443974279867
ENSG00000109475,D5/D6,1.46322728772439,non-DEG,3.41334689884301
ENSG00000109475,F7/D6,1.12701597264964,non-DEG,0.783684345208665
ENSG00000109606,D5/D6,0.921380947753562,non-DEG,1.19577060709813
ENSG00000109606,F7/D6,0.911269676162887,non-DEG,1.13360527953168
ENSG00000109756,D5/D6,0.874503115290479,non-DEG,0.555143987408916
ENSG00000109756,F7/D6,1.16188662899168,non-DEG,1.1001634453947
ENSG00000109762,D5/D6,1.34179349914379,non-DEG,1.37980231924653
ENSG00000109775,F7/D6,1.17732665239451,non-DEG,0.777142169904063
ENSG00000109917,D5/D6,1.25141023100053,non-DEG,0.890891104878354
ENSG00000109917,F7/D6,1.18909442191385,non-DEG,2.45070441656645
ENSG00000109919,F7/D6,1.10500112990072,non-DEG,1.73114690444689
ENSG00000109971,D5/D6,0.94134439456384,non-DEG,0.681935801247136
ENSG00000110031,D5/D6,0.825339546222276,non-DEG,0.562796550029939
ENSG00000110031,F7/D6,0.877826624085264,non-DEG,1.00962812320867
ENSG00000110057,D5/D6,1.25405196470801,non-DEG,1.27753301611644
ENSG00000110063,F7/D6,1.20268869483486,non-DEG,3.73127800342156
ENSG00000110066,D5/D6,0.969846818153374,non-DEG,8.80750348001299
ENSG00000110075,F7/D6,0.902546174528098,non-DEG,3.25315162247332
ENSG00000110090,D5/D6,1.1594255419439,non-DEG,0.778271865059472
ENSG00000110090,F7/D6,0.809803795421799,non-DEG,1.64153278655862
ENSG00000110092,F7/D6,1.94891719334164,non-DEG,1.2002394497107
ENSG00000110172,D5/D6,0.79068312291131,non-DEG,3.58535053482677
ENSG00000110321,F7/D6,1.12880764844456,non-DEG,1.22387091008341
ENSG00000110367,F7/D6,0.807719748074617,non-DEG,4.12816312000734
ENSG00000110395,F7/D6,1.19101674316543,non-DEG,1.19512453897832
ENSG00000110427,D5/D6,2.11140479554742,non-DEG,2.64675009179978
ENSG00000110427,F7/D6,1.57557108819111,non-DEG,2.76186524607121
ENSG00000110455,D5/D6,1.29750326815152,non-DEG,0.776313181154591
ENSG00000110455,F7/D6,1.27301527065011,non-DEG,1.67765349713423
ENSG00000110660,F7/D6,0.875903398734075,non-DEG,0.562575339025574
ENSG00000110697,F7/D6,0.813084414995065,non-DEG,1.79264533145357
ENSG00000110700,D5/D6,1.39308626872859,non-DEG,2.96881258718777
ENSG00000110700,F7/D6,1.1341296741663,non-DEG,0.935835796117354
ENSG00000110777,D5/D6,1.13243004633388,non-DEG,1.1842135651206
ENSG00000110777,F7/D6,0.739336357786819,non-DEG,2.37237278019035
ENSG00000110876,D5/D6,1.15469981052679,non-DEG,1.78238041595586
ENSG00000110880,F7/D6,0.905840323058094,non-DEG,1.11797003855942
ENSG00000110917,D5/D6,0.849242353438077,non-DEG,2.86291257351681
ENSG00000110917,F7/D6,1.07407296911811,non-DEG,3.15574494912334
ENSG00000110934,D5/D6,0.804295671683635,non-DEG,1.33921680045784
ENSG00000110934,F7/D6,0.873067891440376,non-DEG,2.2434111444936
ENSG00000110987,D5/D6,0.49788575617558,down-regulate,1.06290838041684
ENSG00000110987,F7/D6,0.43009884557898,down-regulate,1.16496371341014
ENSG00000111144,D5/D6,0.815164250989537,non-DEG,0.563343738435824
ENSG00000111144,F7/D6,1.11432240805416,non-DEG,1.33700672011375
ENSG00000111196,D5/D6,0.832747646773615,non-DEG,1.90523563866825
ENSG00000111196,F7/D6,0.862831883758135,non-DEG,3.00214591759989
ENSG00000111224,D5/D6,0.848203947530757,non-DEG,0.148758561329124
ENSG00000111224,F7/D6,0.833459401098106,non-DEG,0.216904304627625
ENSG00000111237,F7/D6,1.15664847085712,non-DEG,3.73797735420019
ENSG00000111247,D5/D6,0.839858834452117,non-DEG,1.38039498482873
ENSG00000111252,F7/D6,0.864669587169047,non-DEG,2.2426340148604
ENSG00000111266,D5/D6,0.655373949880257,non-DEG,0.615786968003256
ENSG00000111276,D5/D6,0.851252998042685,non-DEG,0.834723666444877
ENSG00000111276,F7/D6,0.785932492810299,non-DEG,4.90934371543413
ENSG00000111348,D5/D6,0.835039306601261,non-DEG,0.628250015389124
ENSG00000111348,F7/D6,0.828245881847705,non-DEG,2.28613509047134
ENSG00000111358,F7/D6,1.13546236270515,non-DEG,1.09464685862543
ENSG00000111445,D5/D6,0.784215998384878,non-DEG,1.44874354046939
ENSG00000111450,D5/D6,0.791734096009074,non-DEG,1.37491041317512
ENSG00000111450,F7/D6,1.10691015941728,non-DEG,0.501777282091709
ENSG00000111481,F7/D6,1.09569122829203,non-DEG,1.87262771559303
ENSG00000111581,D5/D6,0.911078306724202,non-DEG,0.235472605263099
ENSG00000111602,D5/D6,0.822035893649686,non-DEG,1.29971644361669
ENSG00000111602,F7/D6,0.877964202158336,non-DEG,1.39893794702479
ENSG00000111647,D5/D6,1.15601966710638,non-DEG,0.0730168135197662
ENSG00000111647,F7/D6,1.15853408575599,non-DEG,0.694851690883189
ENSG00000111665,F7/D6,0.897522148879409,non-DEG,0.669415877474714
ENSG00000111667,D5/D6,0.90365598269015,non-DEG,1.5406044885894
ENSG00000111669,D5/D6,0.916518876206762,non-DEG,1.79358105237618
ENSG00000111678,D5/D6,1.20134903407993,non-DEG,3.52559822192496
ENSG00000111678,F7/D6,0.754140187179785,non-DEG,0.656561086787062
ENSG00000111716,F7/D6,1.13446716173353,non-DEG,1.65202741898735
ENSG00000111731,F7/D6,0.885061183696971,non-DEG,0.851139855030906
ENSG00000111732,D5/D6,0.211132930854646,down-regulate,0.873739101668082
ENSG00000111732,F7/D6,1.25987633139589,non-DEG,1.11768443251223
ENSG00000111843,D5/D6,1.14301998379867,non-DEG,0.477302707300194
ENSG00000111843,F7/D6,1.39940685256024,non-DEG,1.80770147486583
ENSG00000111859,D5/D6,0.876715683736088,non-DEG,0.962143868223762
ENSG00000111906,D5/D6,1.25555781924379,non-DEG,2.85000441539388
ENSG00000111906,F7/D6,1.1574518393235,non-DEG,2.31281105555242
ENSG00000111912,F7/D6,0.85405550740538,non-DEG,4.45502549102099
ENSG00000112039,D5/D6,1.15678685265977,non-DEG,0.127510373840177
ENSG00000112110,F7/D6,1.14595586178847,non-DEG,3.32216856089616
ENSG00000112118,D5/D6,0.800840959478318,non-DEG,0.234176421983887
ENSG00000112146,D5/D6,1.12331336201339,non-DEG,0.287176931619281
ENSG00000112149,D5/D6,1.38388683274348,non-DEG,0.85088105468154
ENSG00000112149,F7/D6,1.4165931391137,non-DEG,1.62836881679821
ENSG00000112159,D5/D6,1.12471433003081,non-DEG,0.521197150160579
ENSG00000112195,D5/D6,1.30859255658935,non-DEG,0.626538216050763
ENSG00000112195,F7/D6,1.18733681980001,non-DEG,1.99624229382195
ENSG00000112237,F7/D6,1.34167493518992,non-DEG,9.03638232051602
ENSG00000112245,F7/D6,1.33906074134823,non-DEG,6.68548596748273
ENSG00000112294,F7/D6,1.10997787325193,non-DEG,0.824331827613385
ENSG00000112303,D5/D6,0.852621101275215,non-DEG,1.46046623524509
ENSG00000112306,D5/D6,1.54237739085401,non-DEG,4.47226348284326
ENSG00000112306,F7/D6,1.12806694592977,non-DEG,0.706679996825583
ENSG00000112312,D5/D6,0.789658915946645,non-DEG,1.31658308405635
ENSG00000112312,F7/D6,0.89017604810042,non-DEG,0.745495457432944
ENSG00000112335,D5/D6,1.20129761244028,non-DEG,0.580321140396431
ENSG00000112339,D5/D6,0.918376632820502,non-DEG,0.461167369418082
ENSG00000112584,F7/D6,1.11647562418372,non-DEG,0.34716021179965
ENSG00000112667,D5/D6,1.18039116621512,non-DEG,2.47988066604529
ENSG00000112679,D5/D6,1.18488357837466,non-DEG,1.32319176477745
ENSG00000112679,F7/D6,1.27743181802293,non-DEG,1.98592624674599
ENSG00000112697,D5/D6,0.866642567305253,non-DEG,2.56546321126358
ENSG00000112697,F7/D6,1.0747786374911,non-DEG,5.84648208578633
ENSG00000112699,D5/D6,1.42852484166936,non-DEG,0.069805487654534
ENSG00000112699,F7/D6,1.27904325789356,non-DEG,0.276438185623193
ENSG00000112763,F7/D6,0.849946379974597,non-DEG,0.774981985917311
ENSG00000112799,F7/D6,0.759332247389679,non-DEG,0.595530155706032
ENSG00000112855,D5/D6,1.0996717205882,non-DEG,0.333753430282566
ENSG00000112855,F7/D6,1.12179273682263,non-DEG,1.01854296615621
ENSG00000112992,D5/D6,0.918291462988406,non-DEG,0.41401475523813
ENSG00000113119,D5/D6,0.799162312048602,non-DEG,1.94017549137496
ENSG00000113140,D5/D6,2.47254061494804,up-regulate,2.13975701989545
ENSG00000113141,D5/D6,0.892328264559284,non-DEG,1.80224837960602
ENSG00000113163,D5/D6,0.879191235743837,non-DEG,0.563259667226224
ENSG00000113163,F7/D6,0.85454278368045,non-DEG,0.208319259892866
ENSG00000113273,D5/D6,0.643782827288235,non-DEG,0.955155616824376
ENSG00000113273,F7/D6,0.691174800777464,non-DEG,1.66252112479148
ENSG00000113282,F7/D6,1.17589100322058,non-DEG,2.14844979138847
ENSG00000113300,F7/D6,1.23056389856522,non-DEG,1.56318637925092
ENSG00000113318,D5/D6,0.841952850814381,non-DEG,0.917874582197842
ENSG00000113318,F7/D6,1.11931210264113,non-DEG,0.938543699926111
ENSG00000113368,D5/D6,0.740450995079458,non-DEG,1.68121300754064
ENSG00000113368,F7/D6,0.863580120459254,non-DEG,0.953877782847901
ENSG00000113460,D5/D6,0.893995725913825,non-DEG,1.01251419627519
ENSG00000113504,F7/D6,5.1925777745434,up-regulate,2.53488794709913
ENSG00000113522,D5/D6,0.926247822058804,non-DEG,1.30762768229749
ENSG00000113552,D5/D6,1.53462883676399,non-DEG,1.83815848724212
ENSG00000113558,D5/D6,1.12951901860933,non-DEG,1.48322297747632
ENSG00000113558,F7/D6,1.15432724072145,non-DEG,0.822690256304662
ENSG00000113569,D5/D6,0.876082672460942,non-DEG,0.577716153469074
ENSG00000113575,D5/D6,0.932376217251164,non-DEG,1.07997944039663
ENSG00000113580,D5/D6,1.38914038873581,non-DEG,1.55004146900077
ENSG00000113580,F7/D6,0.861852547149907,non-DEG,1.68998797452712
ENSG00000113649,D5/D6,1.14813178406809,non-DEG,1.31735322670012
ENSG00000113732,D5/D6,1.10627861435176,non-DEG,0.610147726453809
ENSG00000113732,F7/D6,0.915763051457692,non-DEG,1.14965663814105
ENSG00000113739,D5/D6,0.223384808008854,down-regulate,2.85704167439769
ENSG00000113739,F7/D6,0.533016421268498,non-DEG,1.51092815452656
ENSG00000113810,D5/D6,0.828652731977211,non-DEG,2.14368705327486
ENSG00000113810,F7/D6,0.867035177737347,non-DEG,4.22043174022641
ENSG00000114030,D5/D6,1.15923499720623,non-DEG,0.193189820887295
ENSG00000114030,F7/D6,1.17521996758823,non-DEG,0.226941577049015
ENSG00000114120,D5/D6,1.15706824181476,non-DEG,0.304710501063191
ENSG00000114120,F7/D6,1.31357396304583,non-DEG,4.5981609396182
ENSG00000114125,D5/D6,1.14177467530812,non-DEG,1.1587473080504
ENSG00000114302,F7/D6,1.14133173239119,non-DEG,0.861455982146459
ENSG00000114346,D5/D6,0.820224751627626,non-DEG,1.0696197048667
ENSG00000114346,F7/D6,0.84719822516879,non-DEG,4.84886330833204
ENSG00000114353,F7/D6,1.09931185226649,non-DEG,2.34078210219344
ENSG00000114388,F7/D6,1.10023580024458,non-DEG,0.611964578245811
ENSG00000114391,D5/D6,1.28815402901704,non-DEG,1.44293543913491
ENSG00000114416,D5/D6,1.10284499878154,non-DEG,1.52377495246683
ENSG00000114423,F7/D6,1.9216696589473,non-DEG,0.768345329502623
ENSG00000114491,F7/D6,1.17122762618516,non-DEG,2.25951843621357
ENSG00000114503,D5/D6,1.19202912721603,non-DEG,1.17830932422842
ENSG00000114503,F7/D6,1.21519149683395,non-DEG,3.70499914474057
ENSG00000114573,D5/D6,0.84133819246377,non-DEG,0.457604410207235
ENSG00000114573,F7/D6,0.912420917943921,non-DEG,1.06489646288378
ENSG00000114648,D5/D6,1.14755813128833,non-DEG,0.80795737433832
ENSG00000114648,F7/D6,1.12608560574702,non-DEG,1.8082315029412
ENSG00000114650,D5/D6,1.1214678731066,non-DEG,0.620664413359555
ENSG00000114686,F7/D6,1.10254130757473,non-DEG,0.375956960930614
ENSG00000114738,D5/D6,1.70342369872184,non-DEG,1.96944188777475
ENSG00000114742,D5/D6,1.19215310227544,non-DEG,1.12045455062642
ENSG00000114902,D5/D6,1.31637596899838,non-DEG,4.20236557816149
ENSG00000114902,F7/D6,1.31600295517998,non-DEG,4.0341331399096
ENSG00000114942,D5/D6,1.40300981975341,non-DEG,1.32876287764769
ENSG00000114942,F7/D6,1.13109826202785,non-DEG,1.73320210128719
ENSG00000114956,F7/D6,1.15619065966042,non-DEG,2.32771369888497
ENSG00000115020,D5/D6,0.765933533706888,non-DEG,1.07493410151363
ENSG00000115107,D5/D6,1.77062690596609,non-DEG,0.380962812554839
ENSG00000115107,F7/D6,1.22890847688845,non-DEG,1.24508877433747
ENSG00000115159,D5/D6,0.771137722583629,non-DEG,0.858796125433076
ENSG00000115159,F7/D6,0.922996835080035,non-DEG,1.98859276300798
ENSG00000115163,D5/D6,0.802127804633367,non-DEG,0.940591635901945
ENSG00000115163,F7/D6,0.865080557541093,non-DEG,0.547655221026227
ENSG00000115165,D5/D6,0.729059364637922,non-DEG,1.51475382122342
ENSG00000115165,F7/D6,1.16129026248234,non-DEG,1.33471914836028
ENSG00000115183,D5/D6,1.68919868352179,non-DEG,0.322121820887275
ENSG00000115216,F7/D6,1.17382956709372,non-DEG,2.64082943684292
ENSG00000115233,D5/D6,0.902845297733071,non-DEG,0.146379400663469
ENSG00000115239,F7/D6,0.821649076397047,non-DEG,1.72713002104473
ENSG00000115241,D5/D6,1.09061455003352,non-DEG,1.16945345747596
ENSG00000115241,F7/D6,1.07198111845546,non-DEG,3.51604715004973
ENSG00000115267,F7/D6,0.794038857325519,non-DEG,0.295927338537566
ENSG00000115268,D5/D6,1.281619575,non-DEG,2.38203183052571
ENSG00000115274,D5/D6,2.27918764512208,non-DEG,17.8405187073486
ENSG00000115306,F7/D6,1.20721946062412,non-DEG,1.05126775796711
ENSG00000115307,F7/D6,0.898293757787074,non-DEG,2.16525707181773
ENSG00000115318,D5/D6,3.09235323949421,up-regulate,1.86460315250119
ENSG00000115318,F7/D6,2.15406143971018,up-regulate,1.38280347177846
ENSG00000115350,D5/D6,1.13671165152127,non-DEG,1.66229035537009
ENSG00000115350,F7/D6,1.26179049375247,non-DEG,2.2711014950964
ENSG00000115355,F7/D6,0.857053497146029,non-DEG,0.0101220481830478
ENSG00000115368,F7/D6,0.927023282950339,non-DEG,0.760576502867885
ENSG00000115425,F7/D6,1.23817306754448,non-DEG,2.00162754429556
ENSG00000115446,D5/D6,0.844084303149341,non-DEG,0.424132631451867
ENSG00000115446,F7/D6,0.87879422665902,non-DEG,1.38124056427123
ENSG00000115548,F7/D6,0.857852530058544,non-DEG,0.916484859701223
ENSG00000115604,D5/D6,1.17855602339848,non-DEG,2.27754714960495
ENSG00000115604,F7/D6,2.43829219395005,up-regulate,0.884161153817939
ENSG00000115738,D5/D6,0.764658166127299,non-DEG,1.18844814121923
ENSG00000115738,F7/D6,1.27405927420371,non-DEG,1.03632444633846
ENSG00000115762,F7/D6,1.19629096065409,non-DEG,1.16470830691947
ENSG00000115840,D5/D6,0.894939695212562,non-DEG,0.808357432600859
ENSG00000115875,D5/D6,1.08573437649612,non-DEG,0.758806416774067
ENSG00000115902,D5/D6,0.749981278286091,non-DEG,0.568638806605993
ENSG00000115902,F7/D6,0.625828604611019,non-DEG,3.0411175022795
ENSG00000115904,D5/D6,0.763799032702688,non-DEG,0.336899222172894
ENSG00000115904,F7/D6,0.811136344555998,non-DEG,0.610598515803959
ENSG00000115919,D5/D6,0.678545492685009,non-DEG,1.46539880680253
ENSG00000115919,F7/D6,0.860314769181662,non-DEG,0.487171785846576
ENSG00000115942,D5/D6,0.896252961081818,non-DEG,3.24069050173954
ENSG00000115944,D5/D6,1.42347344813036,non-DEG,2.06774746902854
ENSG00000115944,F7/D6,1.14922067667418,non-DEG,1.04540048988588
ENSG00000115970,D5/D6,0.883718275723916,non-DEG,0.251116884189443
ENSG00000115977,F7/D6,1.15723625801191,non-DEG,1.17624796305644
ENSG00000116017,D5/D6,0.780810614252978,non-DEG,0.38869709633024
ENSG00000116017,F7/D6,0.77046374700961,non-DEG,2.44163018629689
ENSG00000116062,D5/D6,0.844982211473026,non-DEG,2.28509306863076
ENSG00000116062,F7/D6,0.847788293689989,non-DEG,0.832054792771137
ENSG00000116120,F7/D6,1.15097348538039,non-DEG,1.04831806797634
ENSG00000116128,F7/D6,1.11131264444128,non-DEG,0.727438582672013
ENSG00000116138,D5/D6,0.761581399240574,non-DEG,1.18680335616726
ENSG00000116209,D5/D6,0.908048249772742,non-DEG,0.136859561098856
ENSG00000116212,D5/D6,0.831575296810143,non-DEG,1.10727865171627
ENSG00000116212,F7/D6,0.890995049619057,non-DEG,0.919676121307699
ENSG00000116260,D5/D6,1.40480232122265,non-DEG,0.201761208248623
ENSG00000116260,F7/D6,1.32835648766411,non-DEG,1.46041916715803
ENSG00000116455,D5/D6,1.01755912265945,non-DEG,2.10069673540451
ENSG00000116455,F7/D6,1.11007534477791,non-DEG,3.81489430266541
ENSG00000116473,D5/D6,1.34738054039741,non-DEG,2.8111364565927
ENSG00000116473,F7/D6,1.37280055044663,non-DEG,7.38325048685014
ENSG00000116497,D5/D6,0.744351715776845,non-DEG,1.36580622558882
ENSG00000116497,F7/D6,0.86415730041112,non-DEG,2.00360561444927
ENSG00000116514,D5/D6,1.16170922039212,non-DEG,1.09180242530784
ENSG00000116539,D5/D6,1.18442317140882,non-DEG,1.80767990656399
ENSG00000116560,D5/D6,1.05347997167962,non-DEG,2.78437587571719
ENSG00000116641,D5/D6,0.76352946143399,non-DEG,1.61702874584231
ENSG00000116641,F7/D6,0.762399208607949,non-DEG,2.30961047069573
ENSG00000116679,F7/D6,1.2310459227842,non-DEG,0.337104468024746
ENSG00000116691,D5/D6,1.27351460019261,non-DEG,1.82492815896236
ENSG00000116701,D5/D6,1.8008642749178,non-DEG,2.04034470197175
ENSG00000116701,F7/D6,1.26442753818228,non-DEG,2.98007943884171
ENSG00000116717,D5/D6,1.43534603269458,non-DEG,0.261149651520785
ENSG00000116717,F7/D6,1.20449375003514,non-DEG,0.464477989361968
ENSG00000116750,F7/D6,1.29672896346883,non-DEG,6.7577564560877
ENSG00000116761,D5/D6,1.2272852518163,non-DEG,0.74801128822159
ENSG00000116761,F7/D6,0.843599972268174,non-DEG,1.3680094713581
ENSG00000116791,D5/D6,1.19305458397431,non-DEG,0.993828913322733
ENSG00000116791,F7/D6,1.33371953433604,non-DEG,6.11040501167846
ENSG00000116793,D5/D6,0.695706017532635,non-DEG,1.0297243986027
ENSG00000116815,D5/D6,0.876509545144818,non-DEG,1.43697730604443
ENSG00000116815,F7/D6,0.806206477103806,non-DEG,3.35966399714061
ENSG00000116857,D5/D6,0.67625886522676,non-DEG,1.27720903003349
ENSG00000116906,D5/D6,0.892110582846106,non-DEG,1.5918901976284
ENSG00000116954,F7/D6,1.17948998493132,non-DEG,0.351904459340811
ENSG00000116962,D5/D6,0.64498165587711,non-DEG,4.29749643509101
ENSG00000116962,F7/D6,0.452301584340186,down-regulate,1.22627792952805
ENSG00000116977,D5/D6,0.763404216604958,non-DEG,2.11754904795699
ENSG00000116977,F7/D6,0.703493702359909,non-DEG,4.49996933039119
ENSG00000117090,D5/D6,0.811425813753791,non-DEG,2.05830164178078
ENSG00000117090,F7/D6,0.829550256056419,non-DEG,2.01962885845542
ENSG00000117091,D5/D6,1.15370017189167,non-DEG,1.14280666924742
ENSG00000117091,F7/D6,0.868165144606432,non-DEG,1.77068129363128
ENSG00000117143,F7/D6,1.17603520633676,non-DEG,1.05302354581597
ENSG00000117153,F7/D6,1.12264623645699,non-DEG,1.59763326059132
ENSG00000117228,D5/D6,0.634460465219887,non-DEG,0.688474139737463
ENSG00000117228,F7/D6,1.15427830741998,non-DEG,1.89860482333577
ENSG00000117280,D5/D6,1.38351703017001,non-DEG,0.868424040457179
ENSG00000117308,F7/D6,0.865838034658977,non-DEG,0.739671314836669
ENSG00000117362,D5/D6,0.976637150636475,non-DEG,2.38932058886077
ENSG00000117410,D5/D6,1.18931950331483,non-DEG,0.770772244744976
ENSG00000117450,D5/D6,1.30587888524781,non-DEG,6.53742146932862
ENSG00000117450,F7/D6,0.761036697939871,non-DEG,7.19940556374117
ENSG00000117461,D5/D6,1.26485082927013,non-DEG,1.309384397
ENSG00000117461,F7/D6,1.4299483776843,non-DEG,2.31715491041287
ENSG00000117519,D5/D6,0.10772541932058,down-regulate,4.39171505479322
ENSG00000117519,F7/D6,1.1509341429584,non-DEG,1.50157404051022
ENSG00000117523,D5/D6,1.22745359765111,non-DEG,4.34352870122693
ENSG00000117616,D5/D6,1.22329435696407,non-DEG,3.54376921688267
ENSG00000117616,F7/D6,1.22570571005234,non-DEG,2.83887182946594
ENSG00000117676,D5/D6,1.31700894435976,non-DEG,1.89194420957266
ENSG00000117676,F7/D6,1.28838943275219,non-DEG,2.4928912878828
ENSG00000117691,D5/D6,1.236619986,non-DEG,1.00522632896654
ENSG00000117751,D5/D6,0.89393769480775,non-DEG,0.606509043006377
ENSG00000117751,F7/D6,0.902172621962521,non-DEG,0.921060806519793
ENSG00000118007,D5/D6,0.885730072173918,non-DEG,0.606184820645627
ENSG00000118007,F7/D6,0.857513840000446,non-DEG,0.360097350214423
ENSG00000118058,D5/D6,0.877498611621527,non-DEG,1.70114361523348
ENSG00000118058,F7/D6,0.842329443479681,non-DEG,1.33600879979894
ENSG00000118181,D5/D6,1.40677173598174,non-DEG,1.93504494745941
ENSG00000118197,D5/D6,0.825235406242927,non-DEG,1.28319376384301
ENSG00000118217,D5/D6,1.11054517502874,non-DEG,1.13286400810174
ENSG00000118308,D5/D6,0.608378242485171,non-DEG,1.37155099053338
ENSG00000118308,F7/D6,0.512909326317521,non-DEG,1.13431201161694
ENSG00000118418,D5/D6,1.25329333592442,non-DEG,1.2752090337494
ENSG00000118418,F7/D6,0.897962764762617,non-DEG,4.74465952427684
ENSG00000118432,D5/D6,0.211583913802367,down-regulate,4.64486143325664
ENSG00000118518,D5/D6,0.815386688299343,non-DEG,0.0373783779579147
ENSG00000118518,F7/D6,0.897862071947229,non-DEG,5.47291303074236
ENSG00000118564,D5/D6,1.12873618111169,non-DEG,1.06811539500596
ENSG00000118655,D5/D6,0.84460959304074,non-DEG,1.26219363637859
ENSG00000118680,D5/D6,1.08210222847491,non-DEG,0.433246492738615
ENSG00000118680,F7/D6,1.14617849958419,non-DEG,1.99918989320383
ENSG00000118689,D5/D6,0.429023669527717,down-regulate,1.0221000258887
ENSG00000118689,F7/D6,0.378243082526823,down-regulate,2.11763786094321
ENSG00000118705,D5/D6,0.941577134119365,non-DEG,0.88547967559876
ENSG00000118705,F7/D6,0.8855492635179,non-DEG,1.49811097578605
ENSG00000118762,F7/D6,0.874396804893151,non-DEG,0.424251189234736
ENSG00000118816,D5/D6,1.13049596652913,non-DEG,1.74156498706012
ENSG00000118894,D5/D6,1.10728103111997,non-DEG,0.607313792513015
ENSG00000118939,D5/D6,1.19358371559463,non-DEG,0.17275466037053
ENSG00000118961,F7/D6,0.800286602125782,non-DEG,1.94835665209435
ENSG00000118971,D5/D6,1.49281239417392,non-DEG,0.312326303578314
ENSG00000118971,F7/D6,1.20462772080554,non-DEG,1.7242655902553
ENSG00000119013,D5/D6,0.830579396345243,non-DEG,1.68417952269339
ENSG00000119318,D5/D6,0.894135811444448,non-DEG,0.425680576195943
ENSG00000119402,F7/D6,1.11689619945952,non-DEG,0.69160630967631
ENSG00000119403,D5/D6,0.766804863425184,non-DEG,2.3389831432252
ENSG00000119403,F7/D6,0.730927687951517,non-DEG,2.79677176562105
ENSG00000119411,D5/D6,2.88915561771853,up-regulate,4.39614832561437
ENSG00000119411,F7/D6,2.07169907394135,non-DEG,3.32273856920691
ENSG00000119421,D5/D6,0.851534160488776,non-DEG,3.22839814607977
ENSG00000119431,D5/D6,0.883659006007448,non-DEG,1.15636583380873
ENSG00000119431,F7/D6,0.814294904144583,non-DEG,2.43615466934535
ENSG00000119487,D5/D6,0.937971041371672,non-DEG,2.25478526061931
ENSG00000119487,F7/D6,1.13288303312805,non-DEG,3.08696309274335
ENSG00000119522,D5/D6,1.21989444613443,non-DEG,0.268386335775326
ENSG00000119522,F7/D6,1.3352105478421,non-DEG,0.163800178035492
ENSG00000119599,F7/D6,1.25233150186457,non-DEG,0.802320705617611
ENSG00000119655,D5/D6,1.17853495554956,non-DEG,0.471962884310606
ENSG00000119655,F7/D6,0.854306286554197,non-DEG,1.45842939371913
ENSG00000119673,F7/D6,1.24725885754999,non-DEG,3.49648005942385
ENSG00000119686,D5/D6,0.766424962288017,non-DEG,1.9525918447708
ENSG00000119707,F7/D6,1.12927311685787,non-DEG,1.44328520772857
ENSG00000119787,D5/D6,1.14937902736105,non-DEG,0.724817191738546
ENSG00000119801,D5/D6,1.90893921866708,non-DEG,4.5220235174683
ENSG00000119801,F7/D6,1.39979214334213,non-DEG,5.99355701388977
ENSG00000119866,D5/D6,1.42317034419223,non-DEG,0.945733126957531
ENSG00000119922,D5/D6,1.32755366964299,non-DEG,0.402399891975578
ENSG00000119922,F7/D6,0.741998260203527,non-DEG,0.526651115545615
ENSG00000119969,D5/D6,0.821559999524031,non-DEG,3.36526153951306
ENSG00000120008,D5/D6,1.12890094036515,non-DEG,0.336461062389435
ENSG00000120029,D5/D6,0.794026256219584,non-DEG,2.1859184993742
ENSG00000120029,F7/D6,0.749612094738901,non-DEG,1.77012578484874
ENSG00000120053,D5/D6,1.19066225239739,non-DEG,1.26361867430838
ENSG00000120158,D5/D6,1.13354104745441,non-DEG,1.46974275210993
ENSG00000120254,D5/D6,1.3216229972523,non-DEG,2.92779942427145
ENSG00000120306,D5/D6,0.719613809473457,non-DEG,1.70155760936516
ENSG00000120306,F7/D6,0.797296633962151,non-DEG,2.23262469430347
ENSG00000120334,D5/D6,0.826619835441276,non-DEG,1.91395383375942
ENSG00000120438,D5/D6,0.940980213838152,non-DEG,1.00858276693856
ENSG00000120451,F7/D6,0.888457081653528,non-DEG,1.0636037168357
ENSG00000120458,D5/D6,0.887410814532788,non-DEG,0.399806332951997
ENSG00000120519,D5/D6,0.851266307153141,non-DEG,1.38207639526762
ENSG00000120526,D5/D6,0.914772785273948,non-DEG,0.568129639556568
ENSG00000120539,D5/D6,0.856424854310527,non-DEG,1.96238388679312
ENSG00000120539,F7/D6,0.890404889632493,non-DEG,2.40429210271441
ENSG00000120616,D5/D6,0.890824881737008,non-DEG,0.177708006703012
ENSG00000120690,F7/D6,0.854803602345606,non-DEG,1.75686926268704
ENSG00000120694,D5/D6,0.859840646950047,non-DEG,0.599163598664322
ENSG00000120705,D5/D6,1.15402267180236,non-DEG,0.816991807018798
ENSG00000120705,F7/D6,1.10310148074936,non-DEG,1.13666450993853
ENSG00000120725,D5/D6,1.28406701725736,non-DEG,1.56764229844829
ENSG00000120725,F7/D6,1.13068185659048,non-DEG,0.67143625465336
ENSG00000120733,D5/D6,0.863270103194606,non-DEG,0.991693526667705
ENSG00000120733,F7/D6,0.839318989534313,non-DEG,2.20795360685892
ENSG00000120738,D5/D6,0.794874968963457,non-DEG,4.54280555633344
ENSG00000120738,F7/D6,0.628525721504158,non-DEG,7.24230683902778
ENSG00000120798,D5/D6,0.798639944864852,non-DEG,0.734671601252889
ENSG00000120860,F7/D6,0.787394503776256,non-DEG,0.204961869397275
ENSG00000120868,D5/D6,0.844378664970674,non-DEG,1.45572416772545
ENSG00000120889,D5/D6,1.18141893837066,non-DEG,1.16291652706119
ENSG00000120889,F7/D6,0.861231846362079,non-DEG,2.51316429448117
ENSG00000120910,D5/D6,0.807540412621536,non-DEG,0.981213063969907
ENSG00000120910,F7/D6,0.767783882920095,non-DEG,1.49455854974163
ENSG00000120942,D5/D6,1.20607714832258,non-DEG,2.55542977527911
ENSG00000120949,D5/D6,1.30508440767926,non-DEG,1.59016184717971
ENSG00000120949,F7/D6,1.15744938660844,non-DEG,2.93932459050611
ENSG00000120963,F7/D6,0.839218708361686,non-DEG,0.726768312858555
ENSG00000121057,D5/D6,1.45541866386833,non-DEG,4.48498697289799
ENSG00000121060,D5/D6,1.14754013249146,non-DEG,1.90000002802475
ENSG00000121067,D5/D6,0.908229922055291,non-DEG,0.539171890157547
ENSG00000121152,D5/D6,0.815719468171547,non-DEG,0.939424156774446
ENSG00000121152,F7/D6,0.784738538513681,non-DEG,1.54581010921066
ENSG00000121211,F7/D6,0.811201619101277,non-DEG,1.56745749583183
ENSG00000121281,D5/D6,1.21447378214997,non-DEG,1.08070622125797
ENSG00000121680,D5/D6,1.18402397342175,non-DEG,4.1871637786358
ENSG00000121766,D5/D6,0.926896019548407,non-DEG,0.510000471781912
ENSG00000121851,F7/D6,1.22990967599101,non-DEG,0.94925500736395
ENSG00000121966,D5/D6,0.19904606703512,down-regulate,5.00748972559576
ENSG00000121966,F7/D6,0.185255435609257,down-regulate,4.71119554795108
ENSG00000122026,D5/D6,1.41888573463794,non-DEG,1.55998921246983
ENSG00000122034,D5/D6,1.24897540326049,non-DEG,0.358724079996582
ENSG00000122299,D5/D6,0.825152568391863,non-DEG,2.67910774831439
ENSG00000122299,F7/D6,0.822425499503807,non-DEG,4.31409855427798
ENSG00000122378,F7/D6,0.878187109379905,non-DEG,0.165620987095351
ENSG00000122406,D5/D6,1.29433736685628,non-DEG,0.719628345468144
ENSG00000122406,F7/D6,1.11529734469583,non-DEG,1.46676289444464
ENSG00000122545,D5/D6,0.664888564238191,non-DEG,0.521865014839883
ENSG00000122545,F7/D6,0.909382061,non-DEG,4.1018183120497
ENSG00000122557,D5/D6,0.829483071858094,non-DEG,1.37759211336001
ENSG00000122591,F7/D6,0.844055616965427,non-DEG,3.46682975112437
ENSG00000122674,F7/D6,2.28000269631008,non-DEG,21.0603822729579
ENSG00000122729,D5/D6,0.811531981440314,non-DEG,0.112018507586842
ENSG00000122783,D5/D6,0.840684328959016,non-DEG,1.20462124426999
ENSG00000122882,F7/D6,1.09456761920559,non-DEG,1.51806630498324
ENSG00000122884,D5/D6,0.781501250762755,non-DEG,1.09682260232241
ENSG00000122952,D5/D6,0.794140278858896,non-DEG,1.37076503636806
ENSG00000122952,F7/D6,0.88423608831753,non-DEG,1.16620933693085
ENSG00000122958,D5/D6,1.26794369367509,non-DEG,2.55723049539536
ENSG00000122965,D5/D6,1.28348216938249,non-DEG,2.39215046504467
ENSG00000122965,F7/D6,1.14786724852996,non-DEG,3.06682297674039
ENSG00000122971,D5/D6,1.24368257072174,non-DEG,2.29642698962233
ENSG00000122986,D5/D6,1.11159122415682,non-DEG,1.02749893653638
ENSG00000122986,F7/D6,0.801499363126568,non-DEG,1.19050854666758
ENSG00000123131,D5/D6,1.14141553412048,non-DEG,1.17126988682575
ENSG00000123131,F7/D6,0.867390513117917,non-DEG,0.772739892076448
ENSG00000123144,F7/D6,0.907821747756297,non-DEG,1.3302970549131
ENSG00000123179,D5/D6,1.14009511603808,non-DEG,0.607727572071012
ENSG00000123219,D5/D6,0.808141501826717,non-DEG,2.53751763585207
ENSG00000123219,F7/D6,1.16817835298784,non-DEG,5.60228353190718
ENSG00000123240,D5/D6,1.25727562600046,non-DEG,0.825111537933884
ENSG00000123338,D5/D6,0.94083567758304,non-DEG,1.10419060074244
ENSG00000123338,F7/D6,1.11091507929097,non-DEG,1.56166488815228
ENSG00000123374,D5/D6,0.868178303383292,non-DEG,1.65274069121572
ENSG00000123374,F7/D6,0.862048905167598,non-DEG,2.54039059523647
ENSG00000123416,D5/D6,0.875863320037466,non-DEG,0.783071701567133
ENSG00000123473,D5/D6,0.796151102810831,non-DEG,0.107362862623575
ENSG00000123485,D5/D6,0.869710310319709,non-DEG,1.08817533351395
ENSG00000123485,F7/D6,0.798649072536355,non-DEG,8.2328422080252
ENSG00000123505,F7/D6,1.14468793627658,non-DEG,1.02611304106039
ENSG00000123562,D5/D6,0.907132145752568,non-DEG,1.13075028565091
ENSG00000123685,F7/D6,0.866472579954336,non-DEG,1.22123077219239
ENSG00000123737,D5/D6,1.16298925838112,non-DEG,0.0342958560964126
ENSG00000123737,F7/D6,1.1464844200626,non-DEG,0.589350939130313
ENSG00000123908,D5/D6,0.780245515610682,non-DEG,4.09699537670354
ENSG00000123908,F7/D6,0.897759776931393,non-DEG,1.01083375028194
ENSG00000124067,F7/D6,1.20197447887761,non-DEG,0.979833425411142
ENSG00000124126,D5/D6,1.10617172869176,non-DEG,0.980567175468383
ENSG00000124126,F7/D6,1.12705870169388,non-DEG,2.39374504206652
ENSG00000124151,D5/D6,0.893692253661635,non-DEG,2.06860164844079
ENSG00000124151,F7/D6,0.806596659511677,non-DEG,0.664671505628758
ENSG00000124160,D5/D6,0.857626637272516,non-DEG,0.281458537262127
ENSG00000124160,F7/D6,0.85030739767062,non-DEG,3.21097232730436
ENSG00000124193,D5/D6,1.23891073686882,non-DEG,1.88223977032627
ENSG00000124193,F7/D6,1.18088275949555,non-DEG,3.24488101014293
ENSG00000124198,D5/D6,1.11668860507321,non-DEG,0.164036780305209
ENSG00000124201,D5/D6,1.09517574355533,non-DEG,0.847644923365671
ENSG00000124226,D5/D6,1.16338660612917,non-DEG,0.839175184178365
ENSG00000124243,D5/D6,1.35311380277926,non-DEG,0.839925259401217
ENSG00000124243,F7/D6,0.873095114575017,non-DEG,2.77674817387282
ENSG00000124275,F7/D6,1.165774821,non-DEG,0.351296835643209
ENSG00000124357,D5/D6,1.49801183386255,non-DEG,3.09716938944739
ENSG00000124357,F7/D6,1.34112086935158,non-DEG,3.28428465409825
ENSG00000124422,D5/D6,0.87268007036178,non-DEG,0.90498756349764
ENSG00000124486,D5/D6,1.10846217940811,non-DEG,1.41384715564519
ENSG00000124486,F7/D6,0.866155703690874,non-DEG,0.486923307035712
ENSG00000124496,D5/D6,1.88513895099168,non-DEG,1.57564205476265
ENSG00000124532,D5/D6,0.794560362736565,non-DEG,0.745280957290934
ENSG00000124562,D5/D6,0.904160700288792,non-DEG,1.06577462443613
ENSG00000124574,D5/D6,0.712864885898032,non-DEG,0.979953683696717
ENSG00000124575,D5/D6,0.671075930738394,non-DEG,8.42884369010767
ENSG00000124575,F7/D6,0.691739159642147,non-DEG,2.42345176099978
ENSG00000124587,D5/D6,1.15680882809294,non-DEG,1.5531105331172
ENSG00000124614,D5/D6,1.33251514313879,non-DEG,1.36512088537473
ENSG00000124614,F7/D6,1.19826583164781,non-DEG,1.09583408336561
ENSG00000124635,D5/D6,0.817605183715885,non-DEG,2.23283565300187
ENSG00000124635,F7/D6,0.756229415275012,non-DEG,2.58385607299821
ENSG00000124688,D5/D6,0.899745201908042,non-DEG,0.930232145488388
ENSG00000124762,D5/D6,0.945111759690344,non-DEG,1.65136262679959
ENSG00000124784,D5/D6,1.11648421411772,non-DEG,0.445613704071983
ENSG00000124795,D5/D6,1.13337261998145,non-DEG,0.254730902847621
ENSG00000124795,F7/D6,1.35415616833239,non-DEG,6.904290666
ENSG00000124942,D5/D6,5.51074629697639,up-regulate,8.3908157736863
ENSG00000125148,D5/D6,2.34601347766472,up-regulate,4.77245931062349
ENSG00000125148,F7/D6,1.30012899905223,non-DEG,0.674144263836849
ENSG00000125166,F7/D6,1.18256545769554,non-DEG,3.40431756777362
ENSG00000125247,F7/D6,0.814304259018731,non-DEG,1.00316414322952
ENSG00000125398,D5/D6,0.475800128939625,down-regulate,2.2258261245671
ENSG00000125398,F7/D6,0.712250871337049,non-DEG,1.85225803815361
ENSG00000125445,F7/D6,1.15848698741891,non-DEG,2.23806644100207
ENSG00000125449,D5/D6,0.822568186256748,non-DEG,0.432882624761532
ENSG00000125454,F7/D6,0.882325880542804,non-DEG,1.20255141137606
ENSG00000125485,D5/D6,1.1011198893151,non-DEG,1.22571508786041
ENSG00000125485,F7/D6,1.16113265405826,non-DEG,2.91010779653505
ENSG00000125520,D5/D6,0.834274838117686,non-DEG,1.62445488436852
ENSG00000125520,F7/D6,0.756616308597977,non-DEG,1.92781693247407
ENSG00000125629,D5/D6,0.569373820004122,non-DEG,8.65398690525957
ENSG00000125652,D5/D6,1.2140271727746,non-DEG,0.576408835859246
ENSG00000125734,D5/D6,1.33509451586347,non-DEG,1.74933453730705
ENSG00000125743,D5/D6,1.10392308466389,non-DEG,1.61039786091707
ENSG00000125818,D5/D6,1.12912684725519,non-DEG,1.29481486520535
ENSG00000125827,D5/D6,0.475935370402673,down-regulate,0.46278807339408
ENSG00000125827,F7/D6,0.852167548463849,non-DEG,1.33106510647078
ENSG00000125869,D5/D6,0.181054890269043,down-regulate,3.30287183274737
ENSG00000125869,F7/D6,1.64984807279211,non-DEG,2.18257054580181
ENSG00000125877,D5/D6,1.21349728321286,non-DEG,2.07743046076743
ENSG00000125885,D5/D6,0.870388396975673,non-DEG,1.27606290260031
ENSG00000125944,F7/D6,0.902183274745263,non-DEG,2.71550694413325
ENSG00000125962,D5/D6,1.16628981414702,non-DEG,0.749417079474672
ENSG00000125991,D5/D6,1.2733477947599,non-DEG,1.86220243037191
ENSG00000126016,D5/D6,1.29932517493861,non-DEG,0.302026437948768
ENSG00000126067,F7/D6,0.870818718264345,non-DEG,1.91258076660093
ENSG00000126107,D5/D6,1.11797069978187,non-DEG,0.262134937914647
ENSG00000126107,F7/D6,1.13954479257918,non-DEG,0.367118346605711
ENSG00000126215,D5/D6,0.822874036752237,non-DEG,0.480302204936332
ENSG00000126249,D5/D6,1.47176102820249,non-DEG,0.529760541418576
ENSG00000126353,D5/D6,0.875817732548711,non-DEG,0.927547643904213
ENSG00000126353,F7/D6,1.33926832169805,non-DEG,2.30130932221075
ENSG00000126391,D5/D6,1.21514647228624,non-DEG,2.05359806420654
ENSG00000126391,F7/D6,1.31435265551732,non-DEG,1.39804043309554
ENSG00000126432,D5/D6,0.851322631310466,non-DEG,2.85121841505317
ENSG00000126432,F7/D6,0.838771852873277,non-DEG,1.79580944770007
ENSG00000126602,D5/D6,1.16627923075797,non-DEG,1.06653279686009
ENSG00000126698,D5/D6,0.863941337501937,non-DEG,1.57570227208459
ENSG00000126698,F7/D6,0.889911852465716,non-DEG,1.38496163278272
ENSG00000126709,D5/D6,1.27622293683524,non-DEG,1.71597074122386
ENSG00000126709,F7/D6,0.830312437113817,non-DEG,2.20907249473364
ENSG00000126756,D5/D6,1.24216929297297,non-DEG,3.22520821143479
ENSG00000126767,D5/D6,1.20556872976215,non-DEG,1.69166635984813
ENSG00000126767,F7/D6,1.29445636865119,non-DEG,3.31859298074542
ENSG00000126777,D5/D6,0.826194071271437,non-DEG,0.346940450654445
ENSG00000126777,F7/D6,0.909921627350637,non-DEG,1.4969174402907
ENSG00000126882,F7/D6,0.781730902728402,non-DEG,2.64411789940832
ENSG00000127124,F7/D6,0.806817059186721,non-DEG,0.996124784446689
ENSG00000127125,D5/D6,1.14423983505375,non-DEG,1.73766716247052
ENSG00000127184,D5/D6,1.23857525941896,non-DEG,2.58074980507848
ENSG00000127184,F7/D6,1.14486775938442,non-DEG,2.48285332425684
ENSG00000127191,D5/D6,0.872831457827713,non-DEG,1.67878077984237
ENSG00000127191,F7/D6,0.829714726059141,non-DEG,2.52987517251425
ENSG00000127445,D5/D6,0.916270417494155,non-DEG,1.17061102681926
ENSG00000127481,D5/D6,1.42674729660838,non-DEG,4.16353825604547
ENSG00000127481,F7/D6,1.132620358,non-DEG,2.31085477414032
ENSG00000127483,F7/D6,0.926211394675261,non-DEG,0.785725491335646
ENSG00000127528,D5/D6,0.351632028894528,down-regulate,4.3751343117063
ENSG00000127528,F7/D6,0.497385417497101,non-DEG,0.350102907604313
ENSG00000127561,F7/D6,1.2174702399392,non-DEG,0.982321166427973
ENSG00000127603,D5/D6,1.11410537587314,non-DEG,0.725761592515022
ENSG00000127666,D5/D6,1.37603400059778,non-DEG,1.11372486294599
ENSG00000127837,D5/D6,1.1456749895902,non-DEG,1.41523508979714
ENSG00000127863,D5/D6,9.55695734062748,up-regulate,8.29653602948884
ENSG00000127863,F7/D6,5.47106470751558,up-regulate,1.5519813359445
ENSG00000127947,F7/D6,0.852626075388468,non-DEG,0.487454688381655
ENSG00000128185,D5/D6,1.32498850496141,non-DEG,4.85564567693053
ENSG00000128185,F7/D6,1.23578001543596,non-DEG,3.31798998919614
ENSG00000128218,F7/D6,0.525925730436936,non-DEG,1.24192990540913
ENSG00000128228,D5/D6,0.833831161217867,non-DEG,1.4836287118881
ENSG00000128245,D5/D6,0.73739735176965,non-DEG,8.50496265631279
ENSG00000128245,F7/D6,0.869859941562839,non-DEG,6.01684487275868
ENSG00000128274,D5/D6,0.65678943431428,non-DEG,10.0133654681446
ENSG00000128274,F7/D6,0.410742079748757,down-regulate,8.52359712355003
ENSG00000128294,D5/D6,1.32209084493265,non-DEG,0.72083375281698
ENSG00000128335,D5/D6,0.900076127138294,non-DEG,2.51029427847544
ENSG00000128595,D5/D6,0.882553601647426,non-DEG,1.29905895097434
ENSG00000128595,F7/D6,0.907221633958242,non-DEG,0.749311127655519
ENSG00000128708,D5/D6,0.780941835394493,non-DEG,0.711621972000546
ENSG00000128739,D5/D6,3.24410783829404,up-regulate,4.24390352320539
ENSG00000128739,F7/D6,3.69389246671573,up-regulate,4.08485570397914
ENSG00000128815,F7/D6,0.85516009263258,non-DEG,2.11788855278504
ENSG00000128829,D5/D6,0.886214470461998,non-DEG,0.772007079905736
ENSG00000128886,D5/D6,0.652687321861245,non-DEG,0.442239347544819
ENSG00000128944,D5/D6,0.87269198899524,non-DEG,4.97084867921656
ENSG00000128965,D5/D6,0.847056779126169,non-DEG,2.45915512920135
ENSG00000128965,F7/D6,0.594819049869996,non-DEG,1.89778055121356
ENSG00000129083,D5/D6,0.908319242473372,non-DEG,0.976118916392858
ENSG00000129084,D5/D6,0.933545394792943,non-DEG,0.43936958110619
ENSG00000129084,F7/D6,1.11440140767501,non-DEG,1.31353954581378
ENSG00000129173,D5/D6,0.661849065182704,non-DEG,2.26241383976128
ENSG00000129173,F7/D6,0.73445201938915,non-DEG,1.39020054706835
ENSG00000129187,D5/D6,1.15357169460515,non-DEG,0.636784465502012
ENSG00000129195,F7/D6,0.727003652879087,non-DEG,0.402416659618621
ENSG00000129250,D5/D6,1.22341590517727,non-DEG,1.95882626787687
ENSG00000129250,F7/D6,1.30106467434085,non-DEG,3.15328046490258
ENSG00000129484,D5/D6,0.808130048400427,non-DEG,0.57944562049446
ENSG00000129484,F7/D6,0.841673032454771,non-DEG,0.335075350795814
ENSG00000129515,D5/D6,0.923418306639818,non-DEG,0.61915555805568
ENSG00000129562,D5/D6,0.934482967512643,non-DEG,1.9667601009322
ENSG00000129562,F7/D6,0.897707608159101,non-DEG,1.21853607264741
ENSG00000129625,D5/D6,1.43971123467451,non-DEG,1.27614911328521
ENSG00000129675,D5/D6,0.626292321251392,non-DEG,0.165323715014775
ENSG00000129675,F7/D6,0.856414948117453,non-DEG,1.42636346718747
ENSG00000129696,D5/D6,0.780144136580142,non-DEG,1.25905626848899
ENSG00000129810,D5/D6,0.77615438634975,non-DEG,1.17719099815606
ENSG00000129810,F7/D6,0.878379387083901,non-DEG,0.526175611094495
ENSG00000129911,D5/D6,1.3539220846913,non-DEG,1.30669637487458
ENSG00000129933,F7/D6,0.892030184908859,non-DEG,0.700074547700881
ENSG00000130005,F7/D6,1.77162790418912,non-DEG,1.93111426321527
ENSG00000130023,D5/D6,1.12437642369465,non-DEG,0.151269439958218
ENSG00000130024,F7/D6,0.843017111580385,non-DEG,2.75261626812793
ENSG00000130066,D5/D6,1.17472058255528,non-DEG,1.42971809987527
ENSG00000130066,F7/D6,1.29026020684522,non-DEG,3.9131745813368
ENSG00000130164,D5/D6,0.855253067235137,non-DEG,2.55699903152909
ENSG00000130164,F7/D6,0.877001403245921,non-DEG,1.01429085619545
ENSG00000130165,D5/D6,1.56757811528915,non-DEG,9.16267946255296
ENSG00000130165,F7/D6,1.51762803968497,non-DEG,9.79325814141657
ENSG00000130193,D5/D6,0.679295803900575,non-DEG,2.01984108879994
ENSG00000130193,F7/D6,0.657333814720409,non-DEG,2.03765181093935
ENSG00000130255,D5/D6,1.5276799034704,non-DEG,3.56386844081487
ENSG00000130303,D5/D6,1.14079282222474,non-DEG,2.37208642167827
ENSG00000130340,D5/D6,0.447906771487246,down-regulate,0.526385095313581
ENSG00000130340,F7/D6,0.557063097159014,non-DEG,0.810405687310077
ENSG00000130396,D5/D6,1.69169035939117,non-DEG,1.30791995985187
ENSG00000130396,F7/D6,1.5596424941346,non-DEG,0.455567891144774
ENSG00000130520,D5/D6,0.899072026819585,non-DEG,3.21016369229277
ENSG00000130544,D5/D6,0.896752221740595,non-DEG,1.03058029637085
ENSG00000130544,F7/D6,0.838146545354181,non-DEG,1.77262839840609
ENSG00000130560,D5/D6,0.804844222493999,non-DEG,1.53032145900867
ENSG00000130560,F7/D6,0.84599477417176,non-DEG,2.28471681416259
ENSG00000130589,F7/D6,0.82969464624805,non-DEG,2.16031255376366
ENSG00000130590,D5/D6,2.96013419489918,up-regulate,0.334468215264677
ENSG00000130590,F7/D6,1.44469226061291,non-DEG,2.17040667019393
ENSG00000130707,D5/D6,0.729954900623615,non-DEG,0.921329648228946
ENSG00000130707,F7/D6,0.337465844064123,down-regulate,3.28430028500899
ENSG00000130741,D5/D6,1.33372722244308,non-DEG,1.05346549543469
ENSG00000130741,F7/D6,0.821900154971481,non-DEG,0.562894067672859
ENSG00000130755,D5/D6,1.29665744140757,non-DEG,0.728640074104949
ENSG00000130775,D5/D6,1.69568979504338,non-DEG,2.24687454306709
ENSG00000130775,F7/D6,1.7397369302102,non-DEG,3.05679014358095
ENSG00000130810,F7/D6,1.1821409036352,non-DEG,2.30088267939098
ENSG00000130811,D5/D6,1.09943911463888,non-DEG,1.0143847759273
ENSG00000130812,D5/D6,1.14700599756445,non-DEG,0.801574179083839
ENSG00000130812,F7/D6,1.22353492683835,non-DEG,2.88560597949651
ENSG00000130827,D5/D6,1.14092828264457,non-DEG,0.123414147192348
ENSG00000130830,F7/D6,0.760151784497593,non-DEG,0.457995121522277
ENSG00000130939,D5/D6,0.905860550545577,non-DEG,1.22233363851545
ENSG00000130985,D5/D6,1.12916482668538,non-DEG,1.90345438365409
ENSG00000130985,F7/D6,0.856394393205669,non-DEG,2.63508738448542
ENSG00000131051,F7/D6,1.02919431492464,non-DEG,2.45519473109329
ENSG00000131067,F7/D6,1.40742880366507,non-DEG,0.217663955744865
ENSG00000131080,D5/D6,1.33267756881351,non-DEG,0.28530127361218
ENSG00000131115,D5/D6,0.840867118115031,non-DEG,1.29111910877251
ENSG00000131115,F7/D6,0.842655932759335,non-DEG,0.999517537443109
ENSG00000131143,D5/D6,1.30548477043871,non-DEG,2.38594786360341
ENSG00000131236,D5/D6,1.08641750526277,non-DEG,1.38167626808305
ENSG00000131238,D5/D6,0.968852960434141,non-DEG,5.19383442029166
ENSG00000131323,D5/D6,1.30423831013797,non-DEG,3.37536228909494
ENSG00000131351,D5/D6,0.84084439582919,non-DEG,0.192485914273528
ENSG00000131370,D5/D6,2.8369621032083,up-regulate,6.01424596271805
ENSG00000131374,D5/D6,0.87592604971688,non-DEG,1.21962386000046
ENSG00000131374,F7/D6,0.863174085586728,non-DEG,1.3778120101082
ENSG00000131378,D5/D6,1.1083853937827,non-DEG,1.6462246795632
ENSG00000131401,D5/D6,1.57767937866074,non-DEG,0.921977151053098
ENSG00000131446,F7/D6,0.847598153956773,non-DEG,1.28995017009389
ENSG00000131469,D5/D6,1.423551674,non-DEG,2.91949683166429
ENSG00000131469,F7/D6,1.20290119194363,non-DEG,0.940547564114242
ENSG00000131503,F7/D6,0.889221841232013,non-DEG,1.05750850306905
ENSG00000131508,D5/D6,1.17339978371092,non-DEG,0.313826464503214
ENSG00000131653,D5/D6,1.30518822871539,non-DEG,1.28460361168155
ENSG00000131725,D5/D6,0.892038245626142,non-DEG,0.323404907912222
ENSG00000131732,D5/D6,0.884577603850554,non-DEG,1.24619353407242
ENSG00000131788,F7/D6,1.16193925204363,non-DEG,0.288931463627884
ENSG00000131871,D5/D6,0.871427364095291,non-DEG,1.52098507660265
ENSG00000131871,F7/D6,0.776038279482083,non-DEG,3.74293219188016
ENSG00000131979,D5/D6,1.53720143026923,non-DEG,1.64390580024935
ENSG00000131979,F7/D6,1.41575605997378,non-DEG,1.48084280119756
ENSG00000132004,D5/D6,1.20884404177067,non-DEG,1.75017574571326
ENSG00000132128,D5/D6,0.777021404468847,non-DEG,1.78071842848947
ENSG00000132196,D5/D6,0.878183870798111,non-DEG,0.681216491810515
ENSG00000132196,F7/D6,0.792187550457811,non-DEG,2.83902322212542
ENSG00000132199,D5/D6,1.12643144225372,non-DEG,0.139932078402437
ENSG00000132199,F7/D6,1.00372549019357,non-DEG,3.45315667632721
ENSG00000132254,F7/D6,1.17008107273883,non-DEG,2.22066709930782
ENSG00000132256,F7/D6,1.15823544835881,non-DEG,0.136186985904483
ENSG00000132305,F7/D6,1.14205292674814,non-DEG,2.41984169697518
ENSG00000132341,D5/D6,1.08268322436354,non-DEG,0.640444131177338
ENSG00000132405,D5/D6,0.771382142663384,non-DEG,0.802756927390372
ENSG00000132405,F7/D6,0.872452270638683,non-DEG,1.48179436977146
ENSG00000132466,D5/D6,1.01206187432449,non-DEG,2.1273726952776
ENSG00000132466,F7/D6,1.14800031240768,non-DEG,2.57400409715736
ENSG00000132467,F7/D6,1.23810531800476,non-DEG,4.30646372970436
ENSG00000132485,D5/D6,1.1614282075363,non-DEG,2.50015588550521
ENSG00000132485,F7/D6,1.39269029255707,non-DEG,8.0861527851732
ENSG00000132530,D5/D6,1.23121910611959,non-DEG,2.17248561173165
ENSG00000132549,D5/D6,0.869298431345333,non-DEG,1.75853880829655
ENSG00000132612,D5/D6,0.854568985336869,non-DEG,1.02378196943593
ENSG00000132612,F7/D6,0.846270431319688,non-DEG,2.22649836749386
ENSG00000132635,D5/D6,0.865708920532955,non-DEG,1.61591569741907
ENSG00000132676,D5/D6,1.15461450279769,non-DEG,1.56584193313313
ENSG00000132676,F7/D6,1.08885778657789,non-DEG,1.77348262730025
ENSG00000132694,D5/D6,0.679458759148081,non-DEG,0.640133808722179
ENSG00000132694,F7/D6,0.380124360231836,down-regulate,4.40263479020271
ENSG00000132716,D5/D6,1.16779685656999,non-DEG,1.31407486200405
ENSG00000132716,F7/D6,1.1034587261826,non-DEG,2.52476770816228
ENSG00000132744,D5/D6,1.39829654484369,non-DEG,0.711644420415869
ENSG00000132773,D5/D6,0.899140263995556,non-DEG,1.34261307851058
ENSG00000132780,D5/D6,0.90467128537146,non-DEG,1.48086389175476
ENSG00000132780,F7/D6,0.847823782548905,non-DEG,2.71195834519866
ENSG00000132819,D5/D6,1.41402539453732,non-DEG,4.95341596191507
ENSG00000132819,F7/D6,1.29893053321411,non-DEG,13.1343810344064
ENSG00000132849,D5/D6,1.22407701306049,non-DEG,3.07273538149011
ENSG00000132879,F7/D6,1.26670823596123,non-DEG,1.17580142360902
ENSG00000132964,D5/D6,1.0972666772945,non-DEG,0.0257707755292117
ENSG00000132964,F7/D6,1.14952582888587,non-DEG,0.416878566432848
ENSG00000132965,D5/D6,0.783855786616078,non-DEG,1.40467332449324
ENSG00000133106,D5/D6,1.10815939619879,non-DEG,0.212222470028958
ENSG00000133106,F7/D6,0.789565059866198,non-DEG,0.497512377632426
ENSG00000133121,D5/D6,1.51118369641335,non-DEG,0.618024537426462
ENSG00000133193,D5/D6,1.11303670458606,non-DEG,1.33330934925437
ENSG00000133195,D5/D6,1.26336540228298,non-DEG,0.530917031600645
ENSG00000133195,F7/D6,1.13277747086187,non-DEG,1.24070972971659
ENSG00000133275,D5/D6,1.15834485716419,non-DEG,2.04210139811632
ENSG00000133321,D5/D6,2.19360331341483,up-regulate,0.999394292095458
ENSG00000133321,F7/D6,1.56308068941959,non-DEG,0.146792050607333
ENSG00000133393,D5/D6,0.933931288606769,non-DEG,0.550950420723517
ENSG00000133398,D5/D6,1.18648719461427,non-DEG,0.366696726663216
ENSG00000133398,F7/D6,1.17759857853495,non-DEG,2.1174083220709
ENSG00000133422,D5/D6,0.90684266579916,non-DEG,0.233895470432837
ENSG00000133422,F7/D6,0.898968841210807,non-DEG,0.190844907343646
ENSG00000133561,D5/D6,2.06508191185359,up-regulate,1.24611129036411
ENSG00000133561,F7/D6,1.28387026010567,non-DEG,0.237899722186651
ENSG00000133606,D5/D6,1.1482031044187,non-DEG,0.467904752330815
ENSG00000133657,D5/D6,1.16619067964513,non-DEG,0.723707719481833
ENSG00000133703,D5/D6,0.742054691620574,non-DEG,0.555664378770074
ENSG00000133703,F7/D6,0.629179241841348,non-DEG,1.94564873057286
ENSG00000133740,F7/D6,1.21350314962844,non-DEG,4.86096909795841
ENSG00000133789,D5/D6,0.831512063226687,non-DEG,1.03211218907244
ENSG00000133794,F7/D6,1.83731968247444,non-DEG,0.133255493610332
ENSG00000133818,D5/D6,1.2978836611064,non-DEG,1.1523535465165
ENSG00000133818,F7/D6,1.20432760831644,non-DEG,3.83163020205254
ENSG00000133858,F7/D6,1.09400656988158,non-DEG,0.619326636654558
ENSG00000133872,F7/D6,1.17875689681411,non-DEG,3.62511253721339
ENSG00000133874,D5/D6,0.707979622883798,non-DEG,0.232517758895735
ENSG00000134001,F7/D6,1.1462667052328,non-DEG,1.03872775862155
ENSG00000134057,D5/D6,0.790234173672651,non-DEG,0.616749557277761
ENSG00000134057,F7/D6,0.876428819914908,non-DEG,1.3001988775992
ENSG00000134077,D5/D6,0.528639606679687,non-DEG,0.696937040768649
ENSG00000134086,D5/D6,1.1161965025868,non-DEG,0.685530629853503
ENSG00000134107,D5/D6,1.72336290907624,non-DEG,2.22794999390298
ENSG00000134107,F7/D6,0.798649776282749,non-DEG,2.82434380670393
ENSG00000134109,D5/D6,0.794059954186562,non-DEG,4.49649471199244
ENSG00000134109,F7/D6,0.723154753583701,non-DEG,1.0900197381281
ENSG00000134184,F7/D6,33.9050306505507,up-regulate,35.8890169719225
ENSG00000134242,F7/D6,1.22189154457948,non-DEG,2.61047651699908
ENSG00000134255,F7/D6,0.883482737936682,non-DEG,0.449517085341743
ENSG00000134283,D5/D6,0.845247439042954,non-DEG,2.94026297329685
ENSG00000134287,F7/D6,1.13012021948806,non-DEG,2.5944714463367
ENSG00000134291,D5/D6,0.791465006212748,non-DEG,3.15100779200652
ENSG00000134291,F7/D6,1.04882075326511,non-DEG,3.95665546890857
ENSG00000134294,D5/D6,0.855534811264206,non-DEG,4.25497133816215
ENSG00000134294,F7/D6,0.77854847625348,non-DEG,6.30551424484375
ENSG00000134308,D5/D6,0.894585495633937,non-DEG,1.06279682711462
ENSG00000134308,F7/D6,1.13583984852967,non-DEG,1.35495640328064
ENSG00000134313,D5/D6,0.827833556076548,non-DEG,2.8354208084197
ENSG00000134321,D5/D6,0.864418205616734,non-DEG,1.66186934282425
ENSG00000134321,F7/D6,0.65219186065763,non-DEG,1.69350111103159
ENSG00000134326,D5/D6,0.895714324998954,non-DEG,0.763244620717438
ENSG00000134326,F7/D6,0.745247656456468,non-DEG,2.62357006192387
ENSG00000134352,D5/D6,0.762528261204371,non-DEG,1.89530748679051
ENSG00000134352,F7/D6,0.776117392431168,non-DEG,0.64747435372583
ENSG00000134375,F7/D6,1.19135601244426,non-DEG,0.914809075838315
ENSG00000134419,D5/D6,1.48413730746079,non-DEG,2.84839551904749
ENSG00000134452,D5/D6,0.789663102447482,non-DEG,0.788207126768993
ENSG00000134453,D5/D6,0.894273540916593,non-DEG,0.49178328276662
ENSG00000134453,F7/D6,1.10178110110888,non-DEG,1.20207267976677
ENSG00000134460,F7/D6,2.92262977363489,up-regulate,2.97712781768282
ENSG00000134508,D5/D6,1.22870591044014,non-DEG,0.464836047572513
ENSG00000134516,D5/D6,0.865859310230356,non-DEG,1.97034113496169
ENSG00000134516,F7/D6,0.839344645295369,non-DEG,2.02197803680694
ENSG00000134574,D5/D6,1.21244639097239,non-DEG,1.83386580520854
ENSG00000134590,F7/D6,1.39981758291591,non-DEG,4.52128459890957
ENSG00000134690,D5/D6,0.909571728539979,non-DEG,1.41094678359023
ENSG00000134759,D5/D6,1.10345407955819,non-DEG,0.982132347475836
ENSG00000134759,F7/D6,1.11390884719599,non-DEG,0.284495129668091
ENSG00000134809,D5/D6,0.892103699229128,non-DEG,0.783828281069749
ENSG00000134824,D5/D6,0.76191996684862,non-DEG,1.49690759173775
ENSG00000134824,F7/D6,0.897420752069003,non-DEG,1.82023251230118
ENSG00000134825,D5/D6,1.25217202383224,non-DEG,3.93902020425071
ENSG00000134851,D5/D6,1.12811694924519,non-DEG,2.13713823782251
ENSG00000134899,D5/D6,0.863886956698569,non-DEG,1.12849234914321
ENSG00000134901,F7/D6,0.815152297852664,non-DEG,1.51602293026858
ENSG00000134954,F7/D6,0.852482937384544,non-DEG,0.139896680811782
ENSG00000134955,F7/D6,0.736828329416026,non-DEG,3.56213344463071
ENSG00000134986,F7/D6,0.780598271407043,non-DEG,1.40161854284199
ENSG00000135046,F7/D6,1.86339615067767,non-DEG,3.88598291710748
ENSG00000135049,D5/D6,1.22346976743667,non-DEG,1.0180485822353
ENSG00000135049,F7/D6,1.17796682268964,non-DEG,0.52966843294074
ENSG00000135052,D5/D6,0.362872595052074,down-regulate,1.7443601112354
ENSG00000135052,F7/D6,0.566250663351007,non-DEG,0.633055619566311
ENSG00000135069,D5/D6,1.10839107011169,non-DEG,0.715547850637469
ENSG00000135069,F7/D6,0.865920018405506,non-DEG,0.581267937561557
ENSG00000135074,F7/D6,1.36994541508092,non-DEG,1.66669913960004
ENSG00000135090,D5/D6,0.903544097519784,non-DEG,2.65339725174199
ENSG00000135114,D5/D6,1.63691717652569,non-DEG,1.2435614919948
ENSG00000135124,D5/D6,1.23310706436257,non-DEG,0.533384251726401
ENSG00000135127,D5/D6,0.80840038726831,non-DEG,1.59508893073073
ENSG00000135127,F7/D6,0.571782233113332,non-DEG,0.908090028887037
ENSG00000135148,D5/D6,0.826548720471348,non-DEG,1.27016404244778
ENSG00000135148,F7/D6,0.833367317764508,non-DEG,1.6373462479718
ENSG00000135185,D5/D6,0.845119160686533,non-DEG,1.20129752294086
ENSG00000135185,F7/D6,0.942594969388574,non-DEG,3.28088628781725
ENSG00000135245,D5/D6,0.735619340324565,non-DEG,6.47649830479916
ENSG00000135250,D5/D6,0.851470680241148,non-DEG,0.941351598228932
ENSG00000135334,D5/D6,1.19689869930387,non-DEG,7.08380870366976
ENSG00000135334,F7/D6,0.79151085105275,non-DEG,3.49561835466627
ENSG00000135363,D5/D6,0.602225596864905,non-DEG,1.73504620356339
ENSG00000135363,F7/D6,0.769740884624726,non-DEG,1.81496642880017
ENSG00000135365,D5/D6,1.20633989257169,non-DEG,1.1276196180982
ENSG00000135365,F7/D6,1.23489681410666,non-DEG,0.532658265207936
ENSG00000135390,D5/D6,1.26700800106437,non-DEG,1.74814884271398
ENSG00000135446,F7/D6,0.854941425398712,non-DEG,2.09053651538255
ENSG00000135457,D5/D6,0.553552144444921,non-DEG,0.183891787236025
ENSG00000135476,F7/D6,0.846210484316146,non-DEG,1.66592691206496
ENSG00000135596,D5/D6,1.50384171988785,non-DEG,1.18534872989049
ENSG00000135596,F7/D6,1.16603042701894,non-DEG,1.52459038265775
ENSG00000135597,F7/D6,1.07511901119031,non-DEG,0.559589383396952
ENSG00000135604,D5/D6,0.801010898605978,non-DEG,0.879631087010542
ENSG00000135604,F7/D6,0.846129251332247,non-DEG,0.749259284655053
ENSG00000135605,D5/D6,0.610307587443455,non-DEG,1.77177161133432
ENSG00000135605,F7/D6,0.718336780366318,non-DEG,1.77638507606589
ENSG00000135679,D5/D6,1.140376208,non-DEG,1.50549077621194
ENSG00000135679,F7/D6,1.25640630185494,non-DEG,3.65551733773394
ENSG00000135686,D5/D6,1.38429321427805,non-DEG,2.37749631459453
ENSG00000135686,F7/D6,1.1649984498696,non-DEG,3.03134672995248
ENSG00000135720,D5/D6,0.872858406188789,non-DEG,0.878293059321315
ENSG00000135720,F7/D6,0.878190993601926,non-DEG,1.98865345361525
ENSG00000135763,F7/D6,1.11291785884815,non-DEG,1.89571353966934
ENSG00000135821,D5/D6,0.451164718325029,down-regulate,0.847475401768116
ENSG00000135829,D5/D6,0.897302490726094,non-DEG,0.382053940456047
ENSG00000135829,F7/D6,0.905990406444762,non-DEG,1.5331487646233
ENSG00000135845,D5/D6,1.18563708893091,non-DEG,1.55868476142323
ENSG00000135870,F7/D6,1.4185834600041,non-DEG,2.52372615186943
ENSG00000135898,D5/D6,1.18611764852603,non-DEG,0.954693557772745
ENSG00000135898,F7/D6,1.35173691388326,non-DEG,0.789716698898598
ENSG00000135905,D5/D6,0.751077121994672,non-DEG,0.684581301454909
ENSG00000135905,F7/D6,0.895536462066534,non-DEG,1.24225167883043
ENSG00000135916,D5/D6,0.788057874417797,non-DEG,1.42398356800829
ENSG00000135916,F7/D6,0.807056281949314,non-DEG,2.77912414735435
ENSG00000135940,D5/D6,1.10622781218867,non-DEG,1.57220496246355
ENSG00000136003,D5/D6,1.31403750936593,non-DEG,0.885810296608974
ENSG00000136010,D5/D6,0.840864937174882,non-DEG,1.56840257023255
ENSG00000136010,F7/D6,0.727228138482163,non-DEG,0.817924083346272
ENSG00000136045,D5/D6,1.11315441716425,non-DEG,0.603830749741442
ENSG00000136045,F7/D6,1.1420182182995,non-DEG,1.88253085435034
ENSG00000136048,D5/D6,1.23108122325955,non-DEG,0.320286107059132
ENSG00000136048,F7/D6,0.802527674265936,non-DEG,0.827413677796701
ENSG00000136108,F7/D6,1.08412503688281,non-DEG,5.00423840808336
ENSG00000136111,D5/D6,1.66781888154833,non-DEG,0.863917073633283
ENSG00000136111,F7/D6,1.6409765133056,non-DEG,1.7807405948616
ENSG00000136141,D5/D6,1.17741926037191,non-DEG,3.16857986402412
ENSG00000136141,F7/D6,0.906678735647317,non-DEG,1.03886894094702
ENSG00000136147,F7/D6,0.894642263141321,non-DEG,1.44275511455547
ENSG00000136153,F7/D6,1.44418336205967,non-DEG,0.539836676510548
ENSG00000136161,F7/D6,0.817416786224549,non-DEG,1.64168455329156
ENSG00000136167,D5/D6,1.08047349602547,non-DEG,0.352661895965594
ENSG00000136167,F7/D6,1.11285554962451,non-DEG,2.09038542090788
ENSG00000136169,D5/D6,0.842618499712877,non-DEG,1.19046912990974
ENSG00000136169,F7/D6,0.851630295840799,non-DEG,1.75619838033581
ENSG00000136231,F7/D6,0.778242634259124,non-DEG,2.15426760076241
ENSG00000136238,D5/D6,1.13413986959939,non-DEG,1.75425578940276
ENSG00000136240,D5/D6,1.12780504248898,non-DEG,1.60471563129169
ENSG00000136243,D5/D6,1.14393467719718,non-DEG,0.387897991498392
ENSG00000136404,F7/D6,0.680490284113674,non-DEG,1.58819185399812
ENSG00000136436,F7/D6,0.876621716544475,non-DEG,1.41082272834773
ENSG00000136492,D5/D6,0.820177933858846,non-DEG,1.12503895879289
ENSG00000136492,F7/D6,0.867636710691893,non-DEG,0.254266921257632
ENSG00000136518,F7/D6,0.894535188284077,non-DEG,1.34970842522852
ENSG00000136527,D5/D6,1.02147869039824,non-DEG,2.47488717775216
ENSG00000136536,D5/D6,1.01945325084939,non-DEG,2.1550354241352
ENSG00000136560,F7/D6,0.7523779079257,non-DEG,3.04317030036675
ENSG00000136628,D5/D6,1.1084321478633,non-DEG,1.06403969316936
ENSG00000136634,D5/D6,0.783215772076408,non-DEG,1.31867547866588
ENSG00000136682,D5/D6,1.19236034646723,non-DEG,1.8372421168901
ENSG00000136682,F7/D6,1.15161634707677,non-DEG,2.37716039194988
ENSG00000136718,D5/D6,1.15390366555107,non-DEG,1.88542728157691
ENSG00000136732,D5/D6,1.36515400280678,non-DEG,2.70389756984723
ENSG00000136732,F7/D6,0.793504206410187,non-DEG,2.03772208105284
ENSG00000136738,D5/D6,0.830920543288126,non-DEG,2.33005247861212
ENSG00000136754,D5/D6,1.10859017405125,non-DEG,0.24653479880131
ENSG00000136754,F7/D6,0.880650870764711,non-DEG,4.6945956286814
ENSG00000136758,F7/D6,1.08899855094847,non-DEG,1.13906936492123
ENSG00000136810,D5/D6,1.22797302407048,non-DEG,1.61801221081029
ENSG00000136824,D5/D6,0.814275855416796,non-DEG,2.3384996097571
ENSG00000136824,F7/D6,0.852177861803854,non-DEG,2.38222040996879
ENSG00000136827,D5/D6,0.903429940358698,non-DEG,0.516617388883154
ENSG00000136827,F7/D6,0.858946316308427,non-DEG,2.59983221366681
ENSG00000136842,D5/D6,0.664139280746739,non-DEG,0.596430198092305
ENSG00000136842,F7/D6,1.42917310144767,non-DEG,2.35567888893883
ENSG00000136870,D5/D6,0.835391207025698,non-DEG,0.655834604096208
ENSG00000136870,F7/D6,0.890360869315424,non-DEG,1.40651322318624
ENSG00000136888,D5/D6,1.0992681862763,non-DEG,0.686300211820224
ENSG00000136888,F7/D6,1.15514442439096,non-DEG,2.70075090011199
ENSG00000136925,D5/D6,0.90410616768497,non-DEG,0.0392873082971351
ENSG00000136925,F7/D6,0.862010385884791,non-DEG,0.54689548377921
ENSG00000136930,D5/D6,1.15432692979969,non-DEG,2.24341353981725
ENSG00000136942,D5/D6,1.36578570919607,non-DEG,2.7483669143605
ENSG00000136950,F7/D6,0.892680490147819,non-DEG,2.15176170136346
ENSG00000136960,D5/D6,0.408398830385429,down-regulate,2.88026863800752
ENSG00000136960,F7/D6,0.420591382667303,down-regulate,1.74962153124961
ENSG00000136986,D5/D6,0.880478058807706,non-DEG,0.881051586617359
ENSG00000136986,F7/D6,0.841949144960139,non-DEG,1.78688444712838
ENSG00000137054,D5/D6,1.11477470216653,non-DEG,1.18069928932325
ENSG00000137054,F7/D6,1.34427544478952,non-DEG,3.45005170723448
ENSG00000137070,F7/D6,1.44560573873909,non-DEG,1.04168959501434
ENSG00000137076,F7/D6,1.11407186501857,non-DEG,2.82845455657384
ENSG00000137078,D5/D6,0.652819765803807,non-DEG,1.87382291141561
ENSG00000137078,F7/D6,0.598872405149058,non-DEG,2.85232354030348
ENSG00000137101,F7/D6,0.859007799690806,non-DEG,0.902205689181093
ENSG00000137106,D5/D6,0.843953434546364,non-DEG,0.916531808786339
ENSG00000137106,F7/D6,1.11543097715068,non-DEG,1.82889483354839
ENSG00000137145,D5/D6,1.19114060283873,non-DEG,1.32206920788076
ENSG00000137185,F7/D6,0.817229720997215,non-DEG,1.02425214835693
ENSG00000137198,D5/D6,0.238893606703405,down-regulate,5.43623968573678
ENSG00000137198,F7/D6,0.225526586570583,down-regulate,8.42670123437957
ENSG00000137216,F7/D6,1.24053683317686,non-DEG,1.59657678165066
ENSG00000137265,D5/D6,1.15987343900112,non-DEG,1.59782187952478
ENSG00000137265,F7/D6,0.855154516783485,non-DEG,1.39792970439334
ENSG00000137331,F7/D6,1.32582767289574,non-DEG,2.63695951279015
ENSG00000137502,D5/D6,0.652576927763519,non-DEG,2.68667844222059
ENSG00000137571,D5/D6,0.877493806555901,non-DEG,0.648916877061259
ENSG00000137571,F7/D6,0.817298718757509,non-DEG,2.46780139726659
ENSG00000137575,F7/D6,0.874571595453533,non-DEG,4.7862571034984
ENSG00000137642,D5/D6,0.766901304875144,non-DEG,1.84901441670585
ENSG00000137642,F7/D6,0.767641668503432,non-DEG,0.966014861337371
ENSG00000137673,D5/D6,0.278525809549894,down-regulate,3.04897852373637
ENSG00000137692,D5/D6,1.19252261534472,non-DEG,1.26245745712421
ENSG00000137692,F7/D6,1.16877596029884,non-DEG,2.51357928887735
ENSG00000137710,D5/D6,0.776994676286826,non-DEG,2.19884018890266
ENSG00000137713,F7/D6,1.18070179166072,non-DEG,1.15080532438651
ENSG00000137764,D5/D6,1.21334973926087,non-DEG,2.46258577855675
ENSG00000137776,D5/D6,0.875161997532009,non-DEG,1.46822079315139
ENSG00000137776,F7/D6,0.889817171685884,non-DEG,2.17762366888778
ENSG00000137802,F7/D6,1.29127329528457,non-DEG,2.20810121727773
ENSG00000137804,D5/D6,0.867349385939548,non-DEG,0.345301441267377
ENSG00000137804,F7/D6,0.818657999056573,non-DEG,1.91474233794485
ENSG00000137807,D5/D6,0.859256732272428,non-DEG,2.1197774781837
ENSG00000137807,F7/D6,0.894583795824173,non-DEG,0.56092161102119
ENSG00000137822,D5/D6,0.913285420347707,non-DEG,0.480635173396275
ENSG00000137841,D5/D6,0.778486448021793,non-DEG,1.27837590543968
ENSG00000137876,D5/D6,1.1538921726121,non-DEG,0.690939208228837
ENSG00000137880,D5/D6,1.28953197599253,non-DEG,1.18315463876185
ENSG00000137944,D5/D6,0.90367602057114,non-DEG,1.30492632543436
ENSG00000137944,F7/D6,0.929435936703703,non-DEG,0.479006981503327
ENSG00000137947,D5/D6,0.879807466060875,non-DEG,1.05737762515345
ENSG00000137955,D5/D6,1.12244053741301,non-DEG,0.991157608094478
ENSG00000137955,F7/D6,0.884262254152772,non-DEG,1.18400770149585
ENSG00000137959,D5/D6,1.3884923955719,non-DEG,0.975491604737324
ENSG00000137959,F7/D6,1.2352698959257,non-DEG,2.91490056011549
ENSG00000137965,D5/D6,1.45218573503616,non-DEG,0.505960924526369
ENSG00000137965,F7/D6,1.16645660474574,non-DEG,2.65343521729471
ENSG00000138029,D5/D6,1.14393665799143,non-DEG,0.666666280483755
ENSG00000138069,D5/D6,1.01561874487467,non-DEG,2.81944584402775
ENSG00000138071,D5/D6,1.29896296417758,non-DEG,2.959350011
ENSG00000138071,F7/D6,1.35736822655293,non-DEG,4.87852660296022
ENSG00000138074,D5/D6,1.17075111455467,non-DEG,1.73871213439997
ENSG00000138074,F7/D6,1.48997101060473,non-DEG,3.56872964604317
ENSG00000138092,D5/D6,0.70322995555563,non-DEG,7.38064120266286
ENSG00000138107,D5/D6,0.863312103449523,non-DEG,3.6648160425423
ENSG00000138111,D5/D6,0.520463281260277,non-DEG,1.40570550767309
ENSG00000138111,F7/D6,0.766838447177544,non-DEG,0.538797695255585
ENSG00000138134,D5/D6,0.903971951147995,non-DEG,0.664731499396206
ENSG00000138134,F7/D6,0.878121572214581,non-DEG,1.15427070561418
ENSG00000138160,D5/D6,0.854422851939883,non-DEG,0.832909504345475
ENSG00000138160,F7/D6,0.849534836346284,non-DEG,1.5949146377768
ENSG00000138185,D5/D6,1.22529734144165,non-DEG,0.104411708870516
ENSG00000138185,F7/D6,1.28618571860399,non-DEG,2.5641000328746
ENSG00000138303,D5/D6,1.65849377573233,non-DEG,1.04367948583326
ENSG00000138303,F7/D6,1.16455834603783,non-DEG,1.12451226857435
ENSG00000138326,D5/D6,1.33607103337852,non-DEG,1.76165488237757
ENSG00000138413,D5/D6,0.821259030275278,non-DEG,1.20657897687167
ENSG00000138413,F7/D6,0.883511739502786,non-DEG,0.8509095151879
ENSG00000138434,F7/D6,0.779921797283106,non-DEG,0.0150432090112285
ENSG00000138496,D5/D6,1.57393607635535,non-DEG,0.118422276235788
ENSG00000138600,D5/D6,0.9076122144594,non-DEG,0.870591197560975
ENSG00000138623,D5/D6,1.20892023149178,non-DEG,1.99822011361851
ENSG00000138623,F7/D6,1.39884449466269,non-DEG,1.90162365631186
ENSG00000138642,D5/D6,0.820662296772112,non-DEG,1.29037217989655
ENSG00000138642,F7/D6,0.743641715418595,non-DEG,1.81052989991926
ENSG00000138646,D5/D6,0.833934004919008,non-DEG,0.827917953936506
ENSG00000138646,F7/D6,0.67716827506843,non-DEG,0.60734913501265
ENSG00000138658,D5/D6,0.794016379345954,non-DEG,2.89989065350533
ENSG00000138658,F7/D6,0.7821359136333,non-DEG,1.47612398684567
ENSG00000138678,D5/D6,1.23230074724869,non-DEG,2.74190055772065
ENSG00000138678,F7/D6,1.21496644976801,non-DEG,0.497815884478806
ENSG00000138698,D5/D6,2.59910845068235,up-regulate,0.487551120016367
ENSG00000138698,F7/D6,1.80602212824662,non-DEG,0.31221700250294
ENSG00000138709,D5/D6,1.25504706830194,non-DEG,3.26975429124484
ENSG00000138758,D5/D6,1.29812571290255,non-DEG,1.35771243786775
ENSG00000138780,D5/D6,0.78025739545644,non-DEG,1.89541716935912
ENSG00000138794,D5/D6,0.837556337135124,non-DEG,0.159996968714145
ENSG00000138835,F7/D6,1.96988549708409,non-DEG,1.44544120579615
ENSG00000138964,D5/D6,0.674595835834141,non-DEG,2.2155872722212
ENSG00000139116,D5/D6,0.590347037916501,non-DEG,1.90930845369867
ENSG00000139190,D5/D6,1.40789773666294,non-DEG,3.39076018705936
ENSG00000139193,D5/D6,1.15254605927349,non-DEG,0.989566257916777
ENSG00000139193,F7/D6,0.642232042634939,non-DEG,2.26222345209853
ENSG00000139266,D5/D6,1.22442043064285,non-DEG,2.61840383927653
ENSG00000139266,F7/D6,1.26280577775253,non-DEG,0.109740706762776
ENSG00000139269,D5/D6,0.479506298574175,down-regulate,1.58181525035634
ENSG00000139370,D5/D6,1.36723258801454,non-DEG,0.759380869527721
ENSG00000139370,F7/D6,1.36038253679457,non-DEG,1.3729113139751
ENSG00000139405,F7/D6,1.14482770731319,non-DEG,0.706541708359795
ENSG00000139433,D5/D6,1.10342813532533,non-DEG,1.13487433649804
ENSG00000139436,D5/D6,1.10590271321148,non-DEG,0.452719825271814
ENSG00000139496,D5/D6,0.851551194942365,non-DEG,0.981570889695432
ENSG00000139496,F7/D6,0.914326532029683,non-DEG,1.43169548664183
ENSG00000139514,D5/D6,1.16424486988923,non-DEG,3.75113925146101
ENSG00000139546,D5/D6,0.861448670366082,non-DEG,0.858824656501981
ENSG00000139579,D5/D6,0.737125940887881,non-DEG,9.9225995695444
ENSG00000139620,F7/D6,0.884652383501928,non-DEG,3.64432504358706
ENSG00000139637,D5/D6,1.17588297797022,non-DEG,1.30505304486425
ENSG00000139644,D5/D6,1.15044716301573,non-DEG,0.989095383962137
ENSG00000139644,F7/D6,1.02251614139196,non-DEG,2.46473433009162
ENSG00000139645,D5/D6,0.852897144796874,non-DEG,0.482814236208203
ENSG00000139668,D5/D6,1.31438895990017,non-DEG,0.354497097190589
ENSG00000139684,D5/D6,1.05723710090545,non-DEG,0.443211774381633
ENSG00000139687,D5/D6,0.809487166248085,non-DEG,1.9903656157802
ENSG00000139722,F7/D6,2.22331003522858,up-regulate,0.392507096667071
ENSG00000139725,D5/D6,1.17359731772077,non-DEG,1.11613577571583
ENSG00000139734,D5/D6,0.802546604600906,non-DEG,1.8744460148817
ENSG00000139734,F7/D6,0.901939500070442,non-DEG,0.611835807556163
ENSG00000139737,D5/D6,0.576365669743084,non-DEG,1.64008501088358
ENSG00000139737,F7/D6,1.21116246250061,non-DEG,1.52638961878916
ENSG00000139842,D5/D6,1.08647073115754,non-DEG,0.846960383688363
ENSG00000140157,D5/D6,1.05485938625822,non-DEG,0.666185512287036
ENSG00000140157,F7/D6,0.898145556911454,non-DEG,1.16829094672136
ENSG00000140262,F7/D6,1.26679212794418,non-DEG,3.59417236632443
ENSG00000140264,D5/D6,1.26420543977617,non-DEG,2.62641886114057
ENSG00000140264,F7/D6,1.19603737184476,non-DEG,1.45698966817556
ENSG00000140265,D5/D6,0.772577759263937,non-DEG,5.44712771874967
ENSG00000140319,F7/D6,0.947362506430105,non-DEG,4.97810411758504
ENSG00000140367,D5/D6,1.12763452006084,non-DEG,3.10124024655853
ENSG00000140379,D5/D6,1.12262774376702,non-DEG,1.18561570609992
ENSG00000140379,F7/D6,1.18338523038446,non-DEG,1.20419640632041
ENSG00000140395,D5/D6,1.13300092276116,non-DEG,0.706691433023793
ENSG00000140403,D5/D6,0.858615613181893,non-DEG,1.60068429733449
ENSG00000140403,F7/D6,0.846264904031923,non-DEG,0.722980889553047
ENSG00000140451,D5/D6,0.849192684911533,non-DEG,0.0859823679589588
ENSG00000140451,F7/D6,0.869171467270087,non-DEG,0.757642416367019
ENSG00000140455,D5/D6,1.13659187656435,non-DEG,0.0391035994112815
ENSG00000140455,F7/D6,1.12157110463736,non-DEG,0.726276379780058
ENSG00000140497,D5/D6,0.876518488079399,non-DEG,4.06362769420516
ENSG00000140497,F7/D6,0.828831034927619,non-DEG,2.88732387940888
ENSG00000140526,D5/D6,1.25961202537105,non-DEG,2.31011138321916
ENSG00000140526,F7/D6,1.11722685790419,non-DEG,1.96560789417903
ENSG00000140534,D5/D6,0.880198981735506,non-DEG,0.208105177718191
ENSG00000140575,D5/D6,0.922234150986281,non-DEG,0.759993626244178
ENSG00000140612,D5/D6,1.14358330030699,non-DEG,2.88257844396495
ENSG00000140678,F7/D6,1.61222538791492,non-DEG,0.492643980889332
ENSG00000140740,D5/D6,1.08164068557675,non-DEG,0.659921188516709
ENSG00000140740,F7/D6,1.19770362680933,non-DEG,1.65471581176556
ENSG00000140743,D5/D6,0.774472549569161,non-DEG,1.13364003918713
ENSG00000140830,D5/D6,1.151860952,non-DEG,0.986826516604039
ENSG00000140830,F7/D6,1.14996297294493,non-DEG,0.393527747739056
ENSG00000140905,D5/D6,0.87687070249119,non-DEG,9.61503784621162
ENSG00000140905,F7/D6,1.50232730368009,non-DEG,9.27452781937687
ENSG00000140943,D5/D6,0.818764162571948,non-DEG,0.0758821672851512
ENSG00000140968,D5/D6,1.4601911089283,non-DEG,3.63649992811977
ENSG00000140968,F7/D6,1.2590180809135,non-DEG,4.29477517795029
ENSG00000141026,F7/D6,1.15172802952212,non-DEG,1.03904855331974
ENSG00000141084,D5/D6,1.21169190072652,non-DEG,0.227545702150243
ENSG00000141084,F7/D6,1.14114478839616,non-DEG,0.84427980108773
ENSG00000141127,D5/D6,0.876751572467267,non-DEG,1.1130105633294
ENSG00000141258,D5/D6,0.888396126479424,non-DEG,1.53353057594986
ENSG00000141380,D5/D6,0.866874725300492,non-DEG,0.868472328493989
ENSG00000141380,F7/D6,0.82797024974787,non-DEG,2.87826050114673
ENSG00000141458,D5/D6,0.724555261718586,non-DEG,1.95842229715998
ENSG00000141458,F7/D6,0.832617987428466,non-DEG,0.899533526754989
ENSG00000141543,D5/D6,1.08414793922407,non-DEG,1.3839206295828
ENSG00000141543,F7/D6,1.01604918849329,non-DEG,3.87570634483675
ENSG00000141552,F7/D6,0.780603572325163,non-DEG,6.26085200049441
ENSG00000141576,D5/D6,0.601938412490559,non-DEG,0.570324548835952
ENSG00000141576,F7/D6,0.749033223537151,non-DEG,1.33591226168744
ENSG00000141627,D5/D6,1.20390795828112,non-DEG,1.82571923807859
ENSG00000141646,F7/D6,0.831421082591603,non-DEG,3.60867233431637
ENSG00000141753,D5/D6,1.9021439836282,non-DEG,3.98372792843388
ENSG00000141753,F7/D6,1.56052698217833,non-DEG,3.39019478714558
ENSG00000141858,D5/D6,1.00671063344473,non-DEG,3.02109632396865
ENSG00000141873,F7/D6,0.869648400091241,non-DEG,2.0807620449793
ENSG00000141905,D5/D6,2.89509744408078,up-regulate,1.56141739352608
ENSG00000141956,D5/D6,0.727305667827092,non-DEG,1.71062265166961
ENSG00000141956,F7/D6,0.591327385746575,non-DEG,4.5883184841576
ENSG00000141968,D5/D6,1.17835720710354,non-DEG,0.862268346590984
ENSG00000141968,F7/D6,0.901723417143873,non-DEG,2.45061275960913
ENSG00000142168,D5/D6,1.2384178689867,non-DEG,0.7421513885572
ENSG00000142168,F7/D6,1.11563659675212,non-DEG,0.321428338997996
ENSG00000142227,D5/D6,0.821090024687599,non-DEG,1.76725713603169
ENSG00000142227,F7/D6,0.792059782216081,non-DEG,2.008712635
ENSG00000142252,F7/D6,1.12253149307937,non-DEG,3.15799343210282
ENSG00000142396,F7/D6,0.771096556361135,non-DEG,2.69160966198055
ENSG00000142459,D5/D6,1.2281337759351,non-DEG,2.98267986174583
ENSG00000142528,D5/D6,0.851569080764999,non-DEG,0.327968905479554
ENSG00000142534,D5/D6,1.32425131486386,non-DEG,1.13201065804137
ENSG00000142546,D5/D6,0.901940393745434,non-DEG,0.612701233842518
ENSG00000142583,D5/D6,0.382768263366406,down-regulate,1.51060320720333
ENSG00000142583,F7/D6,0.741624531075681,non-DEG,3.24880155801995
ENSG00000142657,F7/D6,1.16945936937983,non-DEG,2.19098480230466
ENSG00000142669,D5/D6,1.26919666484323,non-DEG,1.21702125044967
ENSG00000142669,F7/D6,1.24801481011976,non-DEG,2.29539847136501
ENSG00000142676,D5/D6,1.39842527379302,non-DEG,1.42339484732739
ENSG00000142684,D5/D6,1.24779280570727,non-DEG,1.73494731068863
ENSG00000142731,D5/D6,0.771988488459164,non-DEG,0.710493500144241
ENSG00000142731,F7/D6,0.833103126305735,non-DEG,1.94338025202655
ENSG00000142765,D5/D6,1.94147360524515,non-DEG,6.44224479696817
ENSG00000142864,D5/D6,1.1536237411759,non-DEG,0.466675414838814
ENSG00000142864,F7/D6,1.25783915623092,non-DEG,3.80966930389872
ENSG00000142867,F7/D6,1.06810842387305,non-DEG,4.52774229484759
ENSG00000142875,D5/D6,0.636606210705313,non-DEG,1.30494989597392
ENSG00000142875,F7/D6,1.3557543083504,non-DEG,1.05769781460869
ENSG00000142937,D5/D6,1.39337451144917,non-DEG,1.29552791067657
ENSG00000142937,F7/D6,1.09572658187455,non-DEG,1.68345739286907
ENSG00000142945,D5/D6,0.83990165730259,non-DEG,1.3300128512129
ENSG00000142945,F7/D6,0.811326596105439,non-DEG,2.14014633981847
ENSG00000142961,F7/D6,1.24518946427874,non-DEG,0.786491127551673
ENSG00000143061,F7/D6,1.95303843777952,non-DEG,2.78760817067844
ENSG00000143079,D5/D6,0.794601219949823,non-DEG,2.43804058007136
ENSG00000143079,F7/D6,0.834403746329258,non-DEG,3.7974913917864
ENSG00000143119,F7/D6,0.795583201900963,non-DEG,0.679362394230316
ENSG00000143164,D5/D6,1.06823917702202,non-DEG,0.601910085790541
ENSG00000143179,D5/D6,1.19035748317546,non-DEG,1.35095937217183
ENSG00000143183,D5/D6,0.928600148855649,non-DEG,1.11507601706834
ENSG00000143183,F7/D6,0.870311426588759,non-DEG,1.83124266147702
ENSG00000143198,D5/D6,0.793520615091379,non-DEG,1.07214723106384
ENSG00000143222,D5/D6,1.13754412610455,non-DEG,1.97447767757077
ENSG00000143228,D5/D6,0.795488378928381,non-DEG,0.32024982863333
ENSG00000143228,F7/D6,0.787759542889384,non-DEG,2.2144163344431
ENSG00000143297,D5/D6,0.424439442740755,down-regulate,1.75668942085441
ENSG00000143297,F7/D6,0.800220511966059,non-DEG,1.42907993671931
ENSG00000143319,D5/D6,1.11293415310758,non-DEG,1.1916870273724
ENSG00000143344,D5/D6,1.51717745165255,non-DEG,0.674079644252514
ENSG00000143344,F7/D6,1.25725112766799,non-DEG,1.39956923752295
ENSG00000143373,F7/D6,0.807793113029391,non-DEG,0.935721797243463
ENSG00000143374,D5/D6,0.992037560912267,non-DEG,2.57547383923706
ENSG00000143384,F7/D6,0.92651177760502,non-DEG,2.33757370256603
ENSG00000143390,F7/D6,0.876997859988825,non-DEG,1.96967603531452
ENSG00000143398,F7/D6,1.09746336605694,non-DEG,2.17830540096722
ENSG00000143476,D5/D6,0.89645542999888,non-DEG,0.559268302230486
ENSG00000143486,F7/D6,1.11743127139005,non-DEG,2.32917624065044
ENSG00000143493,D5/D6,0.908927570803912,non-DEG,0.118004319921465
ENSG00000143494,F7/D6,1.7800164852111,non-DEG,2.21665813322023
ENSG00000143499,D5/D6,0.74521976046969,non-DEG,0.502459775022322
ENSG00000143499,F7/D6,0.889067042964411,non-DEG,0.102835346481614
ENSG00000143514,D5/D6,0.347213860649634,down-regulate,3.26078533950681
ENSG00000143514,F7/D6,0.680408123501389,non-DEG,2.94665454085713
ENSG00000143515,D5/D6,1.29019290584418,non-DEG,1.49262844803468
ENSG00000143543,D5/D6,1.0972707932832,non-DEG,1.02422206644672
ENSG00000143553,D5/D6,1.0341646572837,non-DEG,3.20945476162626
ENSG00000143621,F7/D6,1.13974905111178,non-DEG,2.42195432488038
ENSG00000143641,D5/D6,0.770072011997267,non-DEG,2.35868780104787
ENSG00000143641,F7/D6,0.850660753956134,non-DEG,2.1060735958144
ENSG00000143727,D5/D6,1.11271966913222,non-DEG,0.824375847231495
ENSG00000143748,D5/D6,0.865759698432758,non-DEG,0.0958808800249443
ENSG00000143753,D5/D6,0.744176610777589,non-DEG,4.0075943553416
ENSG00000143753,F7/D6,0.737267783382426,non-DEG,4.85547834268082
ENSG00000143772,F7/D6,0.819552389032166,non-DEG,2.78762460669172
ENSG00000143774,D5/D6,1.2042793846259,non-DEG,2.87592286252401
ENSG00000143776,F7/D6,0.7367647774913,non-DEG,0.705329096778522
ENSG00000143811,F7/D6,0.882520087000616,non-DEG,1.44721275190594
ENSG00000143870,D5/D6,0.789361644219249,non-DEG,1.40129579963116
ENSG00000143870,F7/D6,0.841996886195359,non-DEG,1.36488784437246
ENSG00000143878,D5/D6,0.448039517778739,down-regulate,3.32167638709732
ENSG00000143924,D5/D6,1.70876091015864,non-DEG,0.769674950819139
ENSG00000143924,F7/D6,1.46322987391995,non-DEG,0.468029505743693
ENSG00000143947,D5/D6,1.41654407305672,non-DEG,3.16847641345428
ENSG00000143947,F7/D6,1.11190172435061,non-DEG,0.961669260919258
ENSG00000143970,D5/D6,0.856378089108862,non-DEG,0.52063700452339
ENSG00000143970,F7/D6,0.853966546801092,non-DEG,0.738084688114724
ENSG00000143977,D5/D6,0.986799129559058,non-DEG,3.8244397742098
ENSG00000144043,F7/D6,1.0903656689312,non-DEG,1.51284035561489
ENSG00000144048,D5/D6,1.72181973991332,non-DEG,0.928955879446203
ENSG00000144048,F7/D6,1.80841426475328,non-DEG,1.99618570538493
ENSG00000144136,D5/D6,0.855164569488802,non-DEG,3.04959657106314
ENSG00000144136,F7/D6,0.789886521977684,non-DEG,1.16929180326549
ENSG00000144224,D5/D6,0.846160417129681,non-DEG,2.6135761790615
ENSG00000144224,F7/D6,1.00276531075982,non-DEG,4.78710944054394
ENSG00000144554,D5/D6,0.908363767186143,non-DEG,0.702348413903964
ENSG00000144554,F7/D6,1.11827755365031,non-DEG,2.4256514820143
ENSG00000144560,D5/D6,1.19913627260425,non-DEG,1.01871432692515
ENSG00000144567,D5/D6,1.15048878819952,non-DEG,1.48999443170578
ENSG00000144579,F7/D6,0.838630518386734,non-DEG,0.663257597106167
ENSG00000144635,D5/D6,0.805820654467503,non-DEG,1.29935098289515
ENSG00000144659,D5/D6,1.11144393754785,non-DEG,0.320171920230092
ENSG00000144713,D5/D6,1.43043057352835,non-DEG,2.08585351749849
ENSG00000144713,F7/D6,1.11325130720427,non-DEG,0.791719737881502
ENSG00000144736,F7/D6,1.12579836555562,non-DEG,0.369711175933779
ENSG00000144741,D5/D6,1.21543600807034,non-DEG,2.61784551119195
ENSG00000144744,F7/D6,1.19810720012149,non-DEG,3.08864688157217
ENSG00000144746,D5/D6,1.20329069012101,non-DEG,0.227022512183024
ENSG00000144746,F7/D6,1.47348144938233,non-DEG,4.68660227666939
ENSG00000144802,D5/D6,0.826342987345002,non-DEG,2.75006575976418
ENSG00000144837,D5/D6,0.527481457419542,non-DEG,1.20731994620162
ENSG00000144837,F7/D6,0.788074761034928,non-DEG,0.896195178173623
ENSG00000144843,D5/D6,0.778245820787837,non-DEG,0.667150608537624
ENSG00000144843,F7/D6,0.827434637923406,non-DEG,2.77600215997998
ENSG00000144867,D5/D6,1.21288561887714,non-DEG,1.31592151875507
ENSG00000144895,D5/D6,1.21975721602211,non-DEG,1.09212933701139
ENSG00000145016,D5/D6,1.31687981728296,non-DEG,0.363609319285071
ENSG00000145016,F7/D6,1.41756752765954,non-DEG,1.31957822414019
ENSG00000145022,D5/D6,0.852168295467228,non-DEG,1.31378574425855
ENSG00000145050,D5/D6,0.785010359417355,non-DEG,0.892916609272084
ENSG00000145050,F7/D6,0.846295034423362,non-DEG,1.67167533365453
ENSG00000145088,D5/D6,0.826805641164257,non-DEG,2.17469397956499
ENSG00000145088,F7/D6,1.41436756960303,non-DEG,2.4709375800506
ENSG00000145103,D5/D6,1.44736716741519,non-DEG,2.36432901359163
ENSG00000145103,F7/D6,1.36922226255802,non-DEG,0.667012868111056
ENSG00000145214,D5/D6,1.37316476083681,non-DEG,0.34735183043938
ENSG00000145214,F7/D6,1.27951911804197,non-DEG,2.49573874077879
ENSG00000145287,D5/D6,0.877858176942907,non-DEG,1.8626783409637
ENSG00000145425,D5/D6,1.41866489760601,non-DEG,1.04767291420546
ENSG00000145675,D5/D6,0.526895442064252,non-DEG,0.0691402627718262
ENSG00000145685,D5/D6,0.773242369776295,non-DEG,1.4714855292157
ENSG00000145685,F7/D6,0.733026347553865,non-DEG,1.88479495403137
ENSG00000145703,D5/D6,0.703488306712254,non-DEG,1.2344909868387
ENSG00000145703,F7/D6,0.736006654573185,non-DEG,1.66243322522777
ENSG00000145715,D5/D6,1.13283804036483,non-DEG,0.64552702683956
ENSG00000145715,F7/D6,1.66717977263711,non-DEG,0.956860041420958
ENSG00000145730,D5/D6,1.14382156867554,non-DEG,0.0225923016075001
ENSG00000145730,F7/D6,1.15959261660283,non-DEG,0.366086281247333
ENSG00000145819,F7/D6,0.570736777527119,non-DEG,2.2953905440588
ENSG00000145833,D5/D6,0.877727184828494,non-DEG,1.93062904972898
ENSG00000145882,D5/D6,1.23928832084699,non-DEG,0.575702476433348
ENSG00000145912,F7/D6,1.13405124712725,non-DEG,2.16998306434224
ENSG00000145919,D5/D6,1.14266181251663,non-DEG,1.36059915282335
ENSG00000145945,D5/D6,1.10759494511525,non-DEG,0.441137211825775
ENSG00000145990,D5/D6,1.16659263005677,non-DEG,1.25239739679296
ENSG00000146122,F7/D6,0.679658451108019,non-DEG,2.36476258780802
ENSG00000146247,F7/D6,1.02657041653937,non-DEG,6.60723230859843
ENSG00000146409,D5/D6,1.81348842040992,non-DEG,0.165844644495496
ENSG00000146409,F7/D6,1.37601008204468,non-DEG,0.287740750543481
ENSG00000146416,F7/D6,1.20373262604884,non-DEG,2.32372821036607
ENSG00000146425,D5/D6,0.797134884195158,non-DEG,1.83638323200826
ENSG00000146426,D5/D6,1.21323754581473,non-DEG,2.04862339382052
ENSG00000146457,F7/D6,0.845542703569187,non-DEG,2.18749942919115
ENSG00000146574,F7/D6,0.849557834095336,non-DEG,2.45985887148112
ENSG00000146670,D5/D6,0.884509573474357,non-DEG,0.874136734716059
ENSG00000146670,F7/D6,0.843989581466047,non-DEG,1.87859310215293
ENSG00000146707,F7/D6,0.581882565647625,non-DEG,4.30988933672796
ENSG00000146731,F7/D6,1.07814525635647,non-DEG,0.367122555956781
ENSG00000146733,F7/D6,0.844579010458208,non-DEG,2.72424741799215
ENSG00000146830,D5/D6,1.2158337657334,non-DEG,1.31245357208016
ENSG00000146830,F7/D6,0.894022324019994,non-DEG,1.37029948640195
ENSG00000146833,F7/D6,1.19708676400727,non-DEG,2.68177956015705
ENSG00000146842,F7/D6,0.974026356935195,non-DEG,4.79044975147729
ENSG00000146918,D5/D6,0.855469316378685,non-DEG,1.62405895039122
ENSG00000146918,F7/D6,0.824757082511141,non-DEG,0.449150865544095
ENSG00000147124,D5/D6,0.883414169096538,non-DEG,0.440758931508696
ENSG00000147155,D5/D6,0.830515172599275,non-DEG,4.21843738718347
ENSG00000147155,F7/D6,0.818567607012563,non-DEG,4.43523557754432
ENSG00000147164,D5/D6,1.80093570744085,non-DEG,15.0062789955652
ENSG00000147251,D5/D6,0.791700253989767,non-DEG,1.02350483995255
ENSG00000147251,F7/D6,0.705681444837562,non-DEG,1.07461789899871
ENSG00000147274,F7/D6,0.925699095900274,non-DEG,0.1352094168167
ENSG00000147403,D5/D6,1.26913325146525,non-DEG,0.473941379310777
ENSG00000147416,D5/D6,0.90407121074492,non-DEG,0.191755804766706
ENSG00000147416,F7/D6,0.836454319316585,non-DEG,1.62863131777216
ENSG00000147419,D5/D6,1.25627969547131,non-DEG,4.66613721455123
ENSG00000147419,F7/D6,1.27916773272492,non-DEG,1.75809747083191
ENSG00000147443,D5/D6,1.58835627458253,non-DEG,1.21873016457125
ENSG00000147443,F7/D6,1.83570770850169,non-DEG,1.59283735361293
ENSG00000147471,D5/D6,0.848050755334212,non-DEG,1.93120145045513
ENSG00000147526,D5/D6,0.910464930815626,non-DEG,1.64527702855421
ENSG00000147535,D5/D6,1.24379080549775,non-DEG,1.92809072341961
ENSG00000147535,F7/D6,1.24842390072456,non-DEG,0.130532077366837
ENSG00000147536,D5/D6,0.843046135095911,non-DEG,0.7129112676474
ENSG00000147604,D5/D6,1.3808253129489,non-DEG,2.2615116651742
ENSG00000147604,F7/D6,1.13839442639375,non-DEG,1.66131339450095
ENSG00000147677,D5/D6,1.35601842391097,non-DEG,1.59770746855595
ENSG00000147677,F7/D6,1.21508335378244,non-DEG,1.839592637
ENSG00000147854,D5/D6,0.792593035507519,non-DEG,1.70086295257517
ENSG00000147854,F7/D6,0.867669659486362,non-DEG,0.263250128229701
ENSG00000147872,D5/D6,0.706084871587509,non-DEG,0.794949053528569
ENSG00000147872,F7/D6,0.639685172441371,non-DEG,2.220195015
ENSG00000147912,D5/D6,0.893909314069963,non-DEG,0.673705620452647
ENSG00000147912,F7/D6,1.45168490682887,non-DEG,4.10710146180545
ENSG00000147996,D5/D6,1.21770826724748,non-DEG,0.824736337780385
ENSG00000147996,F7/D6,1.30670556665821,non-DEG,3.29729022632421
ENSG00000148175,D5/D6,1.65033466781859,non-DEG,1.79261987895408
ENSG00000148175,F7/D6,1.62968464512208,non-DEG,0.589290993840257
ENSG00000148187,D5/D6,1.1670083526608,non-DEG,0.950064199617934
ENSG00000148218,D5/D6,0.841651491778374,non-DEG,1.28914259447089
ENSG00000148229,F7/D6,1.10772821483164,non-DEG,2.1449644040865
ENSG00000148290,D5/D6,1.15255137808778,non-DEG,0.166242910016738
ENSG00000148300,F7/D6,1.11340926537396,non-DEG,1.80580645210958
ENSG00000148308,D5/D6,0.909979865359324,non-DEG,0.247400344079657
ENSG00000148444,D5/D6,0.769663760863334,non-DEG,0.860227548776417
ENSG00000148484,F7/D6,1.21308203139488,non-DEG,1.19849189962987
ENSG00000148773,F7/D6,0.788372113038029,non-DEG,0.677493317231077
ENSG00000148803,D5/D6,1.27665795439248,non-DEG,1.03038897494244
ENSG00000148803,F7/D6,1.21258680886128,non-DEG,2.98830206825757
ENSG00000148834,D5/D6,0.859802814107143,non-DEG,1.26891805837702
ENSG00000148835,D5/D6,0.859336646093059,non-DEG,1.58957821624231
ENSG00000148841,D5/D6,0.844566103907149,non-DEG,1.32334452955385
ENSG00000148841,F7/D6,0.799173840849202,non-DEG,3.19423510814668
ENSG00000148843,D5/D6,1.17841530835342,non-DEG,0.393006497860742
ENSG00000148843,F7/D6,1.18594396655028,non-DEG,2.2321063254975
ENSG00000149084,F7/D6,1.0476391717477,non-DEG,4.69133200530817
ENSG00000149089,D5/D6,0.820188186869811,non-DEG,1.07515449952642
ENSG00000149089,F7/D6,0.729170214168721,non-DEG,3.67562554250855
ENSG00000149100,D5/D6,1.19260252381054,non-DEG,0.506470027102556
ENSG00000149136,D5/D6,0.898050621940812,non-DEG,0.548277080600763
ENSG00000149136,F7/D6,0.879630136981281,non-DEG,2.56723832921266
ENSG00000149150,D5/D6,1.5869279223367,non-DEG,1.50681680184375
ENSG00000149150,F7/D6,0.839949359085762,non-DEG,0.319314674859765
ENSG00000149177,D5/D6,3.94645749279178,up-regulate,3.71304336018092
ENSG00000149269,D5/D6,1.40115479982152,non-DEG,0.305053644927183
ENSG00000149269,F7/D6,1.26845332015017,non-DEG,2.06252766061264
ENSG00000149273,D5/D6,1.45735107862705,non-DEG,1.03513188078988
ENSG00000149311,D5/D6,0.741746439270549,non-DEG,1.38092376287103
ENSG00000149311,F7/D6,0.814413713339994,non-DEG,0.909582094591419
ENSG00000149476,D5/D6,1.28730904195585,non-DEG,1.66100207738788
ENSG00000149476,F7/D6,1.26175087336465,non-DEG,0.22067208317331
ENSG00000149480,F7/D6,1.11087377856924,non-DEG,1.8148604419481
ENSG00000149485,D5/D6,0.775806835220322,non-DEG,0.785533975667171
ENSG00000149485,F7/D6,0.794745803150031,non-DEG,0.199997433911558
ENSG00000149503,D5/D6,0.839981857411592,non-DEG,0.881380859576941
ENSG00000149503,F7/D6,0.847533009330158,non-DEG,5.30117690859121
ENSG00000149554,D5/D6,0.808107674878468,non-DEG,0.995267208122494
ENSG00000149564,F7/D6,0.839345621317278,non-DEG,1.29426330963706
ENSG00000149636,D5/D6,0.856513623799893,non-DEG,0.0506236528849158
ENSG00000149639,D5/D6,0.609607602017883,non-DEG,0.804713647030958
ENSG00000149657,F7/D6,1.09373777894516,non-DEG,2.19359052555645
ENSG00000149679,D5/D6,0.849699973978232,non-DEG,2.02091989490252
ENSG00000149806,D5/D6,1.3285977363015,non-DEG,1.16109017
ENSG00000149823,D5/D6,1.16352743996932,non-DEG,2.86586168453017
ENSG00000149823,F7/D6,0.881165471604325,non-DEG,2.53553211464805
ENSG00000149930,D5/D6,0.907324476964283,non-DEG,1.04947750781439
ENSG00000150347,D5/D6,1.49503977770319,non-DEG,1.27089051318599
ENSG00000150403,D5/D6,0.889745015740429,non-DEG,0.610589442625697
ENSG00000150403,F7/D6,0.880256137721538,non-DEG,0.514780326506615
ENSG00000150455,D5/D6,0.821550558950823,non-DEG,2.78020495573502
ENSG00000150457,F7/D6,0.56648453763584,non-DEG,0.352460528508837
ENSG00000150459,F7/D6,1.06510995246017,non-DEG,1.27973846177937
ENSG00000150527,D5/D6,0.810272569877125,non-DEG,1.25440034057122
ENSG00000150556,D5/D6,3.0933931637377,up-regulate,2.96343893034616
ENSG00000150593,D5/D6,1.38233073980635,non-DEG,2.48625551798392
ENSG00000150593,F7/D6,1.34499262902028,non-DEG,2.13364444352536
ENSG00000150787,D5/D6,0.781503993770746,non-DEG,2.61108397613874
ENSG00000150961,D5/D6,0.900350375057721,non-DEG,1.04108204613433
ENSG00000150991,D5/D6,1.22100239568694,non-DEG,1.80550082360564
ENSG00000150991,F7/D6,0.857165978108336,non-DEG,6.59064262397784
ENSG00000150995,F7/D6,0.844978682101815,non-DEG,1.14836092099914
ENSG00000151014,D5/D6,1.20369954359247,non-DEG,0.289714381250151
ENSG00000151092,D5/D6,1.11063409222568,non-DEG,0.506422690061029
ENSG00000151092,F7/D6,1.15901708549095,non-DEG,0.755519314738733
ENSG00000151176,D5/D6,1.47210681162814,non-DEG,0.625378124574164
ENSG00000151287,D5/D6,0.660912475042482,non-DEG,3.88246184788689
ENSG00000151388,D5/D6,1.90955511368628,non-DEG,11.7040663555993
ENSG00000151465,D5/D6,1.06807993802357,non-DEG,0.655634600508288
ENSG00000151474,D5/D6,2.92410205941037,up-regulate,0.789224347792231
ENSG00000151498,F7/D6,1.19810248452798,non-DEG,0.470549576838068
ENSG00000151500,F7/D6,1.17562531251418,non-DEG,1.49030231461865
ENSG00000151651,D5/D6,1.1974259227449,non-DEG,1.64270175333788
ENSG00000151651,F7/D6,1.26020617446723,non-DEG,3.0138739506318
ENSG00000151692,F7/D6,0.573505095910233,non-DEG,0.720132467086437
ENSG00000151806,D5/D6,1.13938251811842,non-DEG,0.545899851672446
ENSG00000151806,F7/D6,1.20518385400747,non-DEG,2.16310696653309
ENSG00000151883,F7/D6,1.17047377548203,non-DEG,2.31816629420412
ENSG00000151914,D5/D6,1.19143970692266,non-DEG,2.66566703367097
ENSG00000151948,F7/D6,5.24413172606206,up-regulate,2.60083764153159
ENSG00000152056,D5/D6,1.57614740142292,non-DEG,1.79647461282063
ENSG00000152056,F7/D6,1.60040101115361,non-DEG,2.29707505967674
ENSG00000152061,D5/D6,1.09455142808534,non-DEG,0.222165993640919
ENSG00000152082,D5/D6,1.31988020565191,non-DEG,0.992453861351533
ENSG00000152102,F7/D6,1.07189348592386,non-DEG,1.72178632819207
ENSG00000152127,D5/D6,1.99754675446998,non-DEG,1.82597937951751
ENSG00000152127,F7/D6,1.53234842557128,non-DEG,2.20131918325138
ENSG00000152223,F7/D6,1.10683158191708,non-DEG,0.253064266372813
ENSG00000152229,D5/D6,2.70705999192431,up-regulate,1.78752072499441
ENSG00000152229,F7/D6,2.71392445469267,up-regulate,2.93674512472315
ENSG00000152240,D5/D6,0.90721111435569,non-DEG,0.928073676099817
ENSG00000152359,F7/D6,0.804074363085265,non-DEG,1.54436620641207
ENSG00000152443,D5/D6,0.755104824006388,non-DEG,1.14616483179437
ENSG00000152443,F7/D6,0.732097393964684,non-DEG,2.49908939102974
ENSG00000152518,D5/D6,0.879117296291572,non-DEG,3.56803726630288
ENSG00000152601,D5/D6,0.823332281649208,non-DEG,0.364600389942378
ENSG00000152683,D5/D6,0.808146142293146,non-DEG,1.85711938898541
ENSG00000152689,D5/D6,0.699952540450124,non-DEG,0.981565589512551
ENSG00000152689,F7/D6,0.886596496089969,non-DEG,0.892984897120959
ENSG00000152795,F7/D6,0.985023484062259,non-DEG,1.78357103109616
ENSG00000153046,D5/D6,0.860522591492689,non-DEG,0.00621800558510087
ENSG00000153048,D5/D6,0.73736107307527,non-DEG,1.09192423733831
ENSG00000153048,F7/D6,0.812119764057563,non-DEG,0.771586681261913
ENSG00000153066,D5/D6,0.631625401269676,non-DEG,0.345960895564999
ENSG00000153066,F7/D6,0.622551865275073,non-DEG,3.0431658920941
ENSG00000153201,D5/D6,1.11088276822705,non-DEG,1.02043678906347
ENSG00000153214,D5/D6,1.224408047,non-DEG,1.60765760932461
ENSG00000153214,F7/D6,1.20303021464946,non-DEG,3.1717786214173
ENSG00000153310,F7/D6,0.855223796639569,non-DEG,3.03784220623372
ENSG00000153317,F7/D6,0.86825140903228,non-DEG,0.60969893007381
ENSG00000153391,D5/D6,0.861381211408887,non-DEG,0.498915474161247
ENSG00000153391,F7/D6,1.19917468756775,non-DEG,0.988922936145067
ENSG00000153395,D5/D6,0.905774976480407,non-DEG,0.930722375952644
ENSG00000153406,D5/D6,1.17629806409776,non-DEG,1.56320117286057
ENSG00000153774,D5/D6,0.876791009231374,non-DEG,1.05669126334401
ENSG00000153786,D5/D6,0.921225960427769,non-DEG,0.645675745716507
ENSG00000153815,F7/D6,0.872939191315965,non-DEG,0.212062783802046
ENSG00000153879,F7/D6,0.843627720171718,non-DEG,1.72788733736053
ENSG00000153898,D5/D6,1.16338489720916,non-DEG,0.922185008041292
ENSG00000153898,F7/D6,1.22854630094848,non-DEG,0.972632938680575
ENSG00000153922,D5/D6,0.790725111548833,non-DEG,1.52239480831052
ENSG00000153922,F7/D6,0.824612619397034,non-DEG,2.44761375362978
ENSG00000153944,D5/D6,0.877864241689935,non-DEG,0.622143187431526
ENSG00000154016,F7/D6,1.11822860485663,non-DEG,1.2738152829981
ENSG00000154144,D5/D6,1.10000888107475,non-DEG,1.84947838388153
ENSG00000154237,D5/D6,0.897357803606589,non-DEG,0.102089521637588
ENSG00000154237,F7/D6,0.773207705963678,non-DEG,1.59396029629306
ENSG00000154310,D5/D6,0.843236867166553,non-DEG,3.0914802128668
ENSG00000154310,F7/D6,0.80382069831299,non-DEG,0.833278233040192
ENSG00000154328,D5/D6,1.35550246462159,non-DEG,3.39503939838789
ENSG00000154328,F7/D6,1.40513381463852,non-DEG,0.0285914868457819
ENSG00000154359,D5/D6,1.26062884257117,non-DEG,1.44017646352049
ENSG00000154447,F7/D6,2.30530874999817,up-regulate,1.05381653183184
ENSG00000154511,F7/D6,0.80463835780285,non-DEG,0.552210662315101
ENSG00000154518,F7/D6,1.12389634138757,non-DEG,0.689565366983946
ENSG00000154640,F7/D6,0.799192275159228,non-DEG,4.72499498265369
ENSG00000154760,D5/D6,0.897940403027627,non-DEG,1.703861214
ENSG00000154760,F7/D6,0.878738568101712,non-DEG,1.18650115543754
ENSG00000154803,F7/D6,0.803785591360028,non-DEG,0.863194867459162
ENSG00000154832,D5/D6,0.836795613713277,non-DEG,0.802237930164685
ENSG00000154928,D5/D6,0.677631854266322,non-DEG,1.28172092777445
ENSG00000154928,F7/D6,1.59489695985455,non-DEG,1.31823932129311
ENSG00000154930,D5/D6,0.832711131589287,non-DEG,0.0330380417035097
ENSG00000154930,F7/D6,0.719130345884046,non-DEG,1.12454322380691
ENSG00000155096,F7/D6,1.12481423741248,non-DEG,1.7675389240616
ENSG00000155111,D5/D6,0.860994081500012,non-DEG,0.258696890350018
ENSG00000155256,D5/D6,1.21114221589486,non-DEG,0.214035588648398
ENSG00000155256,F7/D6,1.10699216939385,non-DEG,0.500507004091013
ENSG00000155368,D5/D6,0.839273481577472,non-DEG,1.97122995788597
ENSG00000155380,D5/D6,1.11603418458562,non-DEG,0.94784349779585
ENSG00000155380,F7/D6,1.17380412189834,non-DEG,2.31680793488832
ENSG00000155393,D5/D6,1.2163061569894,non-DEG,0.607343781605893
ENSG00000155393,F7/D6,1.19777975343867,non-DEG,0.243568647900866
ENSG00000155463,D5/D6,1.22493509576676,non-DEG,1.25758729116385
ENSG00000155561,F7/D6,0.892086052039364,non-DEG,1.65062834331535
ENSG00000155629,D5/D6,0.871433244780484,non-DEG,0.785179234768446
ENSG00000155629,F7/D6,1.4315587314938,non-DEG,0.798718971846711
ENSG00000155660,D5/D6,0.755833511633167,non-DEG,0.931100998964219
ENSG00000155660,F7/D6,0.716434027909731,non-DEG,2.49582224116814
ENSG00000155846,D5/D6,1.16225342265145,non-DEG,0.0911125810305576
ENSG00000155846,F7/D6,1.15430452124695,non-DEG,0.239644671335832
ENSG00000155849,D5/D6,0.776410772869036,non-DEG,1.13010990318556
ENSG00000155906,D5/D6,1.20749056824378,non-DEG,1.52418505173074
ENSG00000155906,F7/D6,1.15479854482537,non-DEG,1.29352992324998
ENSG00000155957,F7/D6,1.10938631433909,non-DEG,0.931153873911479
ENSG00000156110,D5/D6,1.1287037643356,non-DEG,1.01708646238381
ENSG00000156110,F7/D6,1.20860517685369,non-DEG,2.49052641455912
ENSG00000156136,D5/D6,0.799156896107769,non-DEG,2.43310168698171
ENSG00000156136,F7/D6,1.07212689631067,non-DEG,5.41064118018811
ENSG00000156171,F7/D6,0.847884437010858,non-DEG,1.98707189873224
ENSG00000156232,D5/D6,0.776671057102696,non-DEG,1.18595633278273
ENSG00000156253,F7/D6,1.2167713779969,non-DEG,0.655684617747607
ENSG00000156261,F7/D6,0.832496866231784,non-DEG,1.85792750959373
ENSG00000156411,D5/D6,1.19729358285863,non-DEG,3.29281321833317
ENSG00000156469,D5/D6,0.863190249339812,non-DEG,0.736667859862003
ENSG00000156471,D5/D6,1.29487493244857,non-DEG,0.298794878916847
ENSG00000156471,F7/D6,1.07843715105823,non-DEG,3.04801916800368
ENSG00000156482,D5/D6,1.28921295972739,non-DEG,1.843773745
ENSG00000156502,F7/D6,0.819686990325562,non-DEG,3.22613823116675
ENSG00000156508,D5/D6,1.25939876359395,non-DEG,1.20458390961185
ENSG00000156603,D5/D6,0.884326762283518,non-DEG,0.0592688969734406
ENSG00000156639,F7/D6,1.38244972542372,non-DEG,6.91170565574888
ENSG00000156642,D5/D6,1.27910051653708,non-DEG,2.48474928489617
ENSG00000156642,F7/D6,1.23316838296335,non-DEG,3.74444828590163
ENSG00000156675,D5/D6,1.67217754409265,non-DEG,1.4117730627527
ENSG00000156675,F7/D6,1.26621062528351,non-DEG,2.24326751558597
ENSG00000156697,D5/D6,1.12833227354957,non-DEG,0.309466610975063
ENSG00000156697,F7/D6,1.13104744739868,non-DEG,0.363958596518467
ENSG00000156787,D5/D6,0.806039266533133,non-DEG,1.18894374106858
ENSG00000156802,D5/D6,0.804581897,non-DEG,0.164294652672065
ENSG00000156802,F7/D6,0.845380168761146,non-DEG,1.33700362026435
ENSG00000156853,D5/D6,0.83433836580174,non-DEG,2.03576715948951
ENSG00000156873,F7/D6,1.19558410802655,non-DEG,0.96107593613255
ENSG00000156966,D5/D6,0.535406344090346,non-DEG,0.000405573706588843
ENSG00000156966,F7/D6,0.490623155770302,non-DEG,2.56483120426448
ENSG00000156970,D5/D6,0.852181876159093,non-DEG,0.675484199352231
ENSG00000156970,F7/D6,0.806929316097766,non-DEG,1.79107294220387
ENSG00000156976,F7/D6,1.18079027474598,non-DEG,2.50517224898737
ENSG00000157014,D5/D6,1.12218632380704,non-DEG,5.77853555302785
ENSG00000157045,D5/D6,0.733222366175977,non-DEG,3.90730399147323
ENSG00000157106,F7/D6,0.899702693285377,non-DEG,0.346175458385652
ENSG00000157191,F7/D6,1.03265644803283,non-DEG,8.99066978511531
ENSG00000157303,F7/D6,0.873229930822661,non-DEG,1.54507470411416
ENSG00000157326,F7/D6,1.12654792586051,non-DEG,0.499897634135089
ENSG00000157350,F7/D6,1.20784958355924,non-DEG,3.85270267621854
ENSG00000157426,D5/D6,0.794598827259946,non-DEG,3.89797737802296
ENSG00000157456,D5/D6,0.812606719995634,non-DEG,0.2831946483328
ENSG00000157456,F7/D6,0.791130785676724,non-DEG,1.04240431722792
ENSG00000157470,D5/D6,0.683308661039201,non-DEG,0.543267613703832
ENSG00000157470,F7/D6,0.852269846076757,non-DEG,0.18537065577533
ENSG00000157483,D5/D6,1.42741606947865,non-DEG,2.39729181405302
ENSG00000157483,F7/D6,0.821454562002989,non-DEG,1.58198042849748
ENSG00000157514,D5/D6,0.520857742665535,non-DEG,0.71135964855965
ENSG00000157514,F7/D6,0.533353288866341,non-DEG,1.49258326860809
ENSG00000157538,F7/D6,0.903353912246626,non-DEG,1.56931889303407
ENSG00000157557,D5/D6,1.36248848500251,non-DEG,0.0434311238556854
ENSG00000157625,D5/D6,0.887098943055704,non-DEG,1.03704552308913
ENSG00000157637,F7/D6,0.872104461285961,non-DEG,1.42130526707525
ENSG00000157654,D5/D6,0.604840034962148,non-DEG,0.680249601428309
ENSG00000157693,D5/D6,1.37139204829478,non-DEG,2.69699822818776
ENSG00000157693,F7/D6,1.3058915035928,non-DEG,0.968092081323781
ENSG00000157734,D5/D6,0.63688993342468,non-DEG,0.196580234232022
ENSG00000157734,F7/D6,0.649146462482535,non-DEG,0.689893680124297
ENSG00000157764,D5/D6,0.832667803577427,non-DEG,0.466765514692613
ENSG00000157778,D5/D6,1.18053861188578,non-DEG,2.54785035406957
ENSG00000157869,F7/D6,1.25587570043803,non-DEG,0.535557971021558
ENSG00000157881,D5/D6,0.912949679010185,non-DEG,0.240564851427089
ENSG00000157954,F7/D6,0.860885778291151,non-DEG,0.0452356750367765
ENSG00000158019,D5/D6,1.12475419803932,non-DEG,0.0695948678893189
ENSG00000158019,F7/D6,1.14445453311654,non-DEG,0.18045035754654
ENSG00000158109,F7/D6,1.15826692685132,non-DEG,2.99530212379172
ENSG00000158158,D5/D6,1.80173870132816,non-DEG,0.722350741956937
ENSG00000158158,F7/D6,1.19691629738058,non-DEG,1.68658652281832
ENSG00000158161,D5/D6,0.843151949406026,non-DEG,0.509348862146964
ENSG00000158195,D5/D6,1.14335114177735,non-DEG,1.69412883885033
ENSG00000158195,F7/D6,0.956760496591807,non-DEG,3.65752278311335
ENSG00000158201,D5/D6,0.886035393203517,non-DEG,0.842027787189046
ENSG00000158373,D5/D6,0.798084216732623,non-DEG,2.86198997579334
ENSG00000158373,F7/D6,0.769381504111759,non-DEG,4.40484413904806
ENSG00000158406,D5/D6,0.798369189534486,non-DEG,2.43612539995747
ENSG00000158406,F7/D6,0.732444320587472,non-DEG,5.43891397074269
ENSG00000158411,D5/D6,0.871874462918623,non-DEG,1.66470225706197
ENSG00000158411,F7/D6,0.809407494090163,non-DEG,4.29587688879231
ENSG00000158417,F7/D6,1.10688629335065,non-DEG,0.952810049254928
ENSG00000158457,D5/D6,0.765939196329517,non-DEG,2.06287810748089
ENSG00000158457,F7/D6,1.33278405903347,non-DEG,2.4551873204448
ENSG00000158467,D5/D6,0.824000051090525,non-DEG,1.27847507749868
ENSG00000158517,D5/D6,0.80733744169532,non-DEG,0.725747741174171
ENSG00000158615,F7/D6,1.02437471793678,non-DEG,3.65517862251191
ENSG00000158623,F7/D6,1.2916014999744,non-DEG,0.227109483810456
ENSG00000158769,D5/D6,1.39351009941548,non-DEG,1.50849828575727
ENSG00000158769,F7/D6,1.37062726812506,non-DEG,1.92270842797089
ENSG00000158773,D5/D6,0.88279623686973,non-DEG,2.27343701509543
ENSG00000158805,D5/D6,1.10238954552678,non-DEG,1.0246582203584
ENSG00000158882,D5/D6,0.856244601736759,non-DEG,3.57897836827852
ENSG00000159069,D5/D6,1.15831946244502,non-DEG,2.6287867990668
ENSG00000159069,F7/D6,0.878345885590793,non-DEG,2.31322076772619
ENSG00000159079,D5/D6,0.83461419065054,non-DEG,0.526520390416881
ENSG00000159128,D5/D6,1.09531724556352,non-DEG,1.2558897740608
ENSG00000159128,F7/D6,0.816084151061833,non-DEG,1.65778781968713
ENSG00000159147,D5/D6,0.813715998253905,non-DEG,1.21744734671844
ENSG00000159147,F7/D6,0.877155260593868,non-DEG,0.274114641335959
ENSG00000159176,D5/D6,1.36521400657207,non-DEG,6.79243615312362
ENSG00000159199,F7/D6,1.1040473506747,non-DEG,1.43070353502457
ENSG00000159202,D5/D6,1.21643253076928,non-DEG,3.22359550429606
ENSG00000159212,D5/D6,3.59970165914507,up-regulate,0.727613531595886
ENSG00000159212,F7/D6,3.05362208607331,up-regulate,0.866662349785475
ENSG00000159228,D5/D6,0.870039130829712,non-DEG,2.49691931996087
ENSG00000159259,F7/D6,0.87475765613092,non-DEG,1.50464526736417
ENSG00000159322,D5/D6,1.11422171868609,non-DEG,0.891085895171699
ENSG00000159335,D5/D6,1.51840167786167,non-DEG,1.5810369217779
ENSG00000159346,F7/D6,0.912940112973814,non-DEG,2.32806080075259
ENSG00000159348,F7/D6,1.1535959130589,non-DEG,0.088743288696696
ENSG00000159352,D5/D6,0.930740865101563,non-DEG,0.788211027973799
ENSG00000159377,F7/D6,1.48488700158458,non-DEG,2.20541123273645
ENSG00000159388,D5/D6,0.778352478890208,non-DEG,1.32233320130086
ENSG00000159399,D5/D6,1.30120212452399,non-DEG,3.06670222196251
ENSG00000159399,F7/D6,1.24172087878823,non-DEG,0.722797501880487
ENSG00000159445,F7/D6,0.773581542552441,non-DEG,0.666324005416478
ENSG00000159461,D5/D6,1.08007586600985,non-DEG,0.491936265426985
ENSG00000159461,F7/D6,0.895497227661712,non-DEG,2.81648101714846
ENSG00000159556,D5/D6,0.718203045018363,non-DEG,0.0211593841921298
ENSG00000159556,F7/D6,0.816948177136801,non-DEG,1.55388172878452
ENSG00000159579,F7/D6,1.4361111242143,non-DEG,2.74774978920227
ENSG00000159593,D5/D6,0.90046954619844,non-DEG,1.07699860893194
ENSG00000159593,F7/D6,1.19132223116806,non-DEG,0.509407681282491
ENSG00000159618,F7/D6,1.36381664850006,non-DEG,1.28510426738543
ENSG00000159921,D5/D6,0.855765729637993,non-DEG,1.12484459381174
ENSG00000159958,F7/D6,0.781803674093297,non-DEG,1.43646058303391
ENSG00000160007,F7/D6,0.913555195166593,non-DEG,1.5993810180067
ENSG00000160050,D5/D6,0.826785175580373,non-DEG,2.27976639106463
ENSG00000160050,F7/D6,0.902277389938841,non-DEG,1.11575469720724
ENSG00000160075,D5/D6,0.936574632729498,non-DEG,1.37638008992595
ENSG00000160117,D5/D6,0.785397573060552,non-DEG,0.801216965039745
ENSG00000160117,F7/D6,0.651659446628194,non-DEG,1.52561751174453
ENSG00000160179,D5/D6,2.01420105543757,non-DEG,0.609651476439111
ENSG00000160179,F7/D6,2.6356879789699,up-regulate,0.50170845159165
ENSG00000160190,D5/D6,0.842953016253259,non-DEG,0.728296532792478
ENSG00000160190,F7/D6,1.22346100424635,non-DEG,2.44706834002456
ENSG00000160200,D5/D6,1.90717073762459,non-DEG,3.19647535383462
ENSG00000160208,F7/D6,0.853045412222897,non-DEG,1.07915631409326
ENSG00000160209,D5/D6,1.18883129541086,non-DEG,1.92090485034707
ENSG00000160214,D5/D6,1.15893593102244,non-DEG,1.20725461937723
ENSG00000160256,D5/D6,1.18980667069901,non-DEG,0.877129707876027
ENSG00000160293,D5/D6,1.28418106714893,non-DEG,0.622166524984517
ENSG00000160293,F7/D6,1.14496483544777,non-DEG,2.75665049271995
ENSG00000160294,D5/D6,1.09713230641494,non-DEG,0.131433153554101
ENSG00000160294,F7/D6,1.08586157537589,non-DEG,2.64700902078139
ENSG00000160305,F7/D6,0.810754774876592,non-DEG,0.372241491704031
ENSG00000160326,D5/D6,1.17290406015743,non-DEG,1.89306476326725
ENSG00000160326,F7/D6,1.14269191179612,non-DEG,2.64585084910387
ENSG00000160447,D5/D6,0.766300071637505,non-DEG,0.313625008803207
ENSG00000160447,F7/D6,0.811404127579214,non-DEG,1.55403488234457
ENSG00000160602,D5/D6,1.11391424149762,non-DEG,0.905701186587476
ENSG00000160683,D5/D6,0.529629187766381,non-DEG,1.23065561700894
ENSG00000160685,D5/D6,1.18334518036292,non-DEG,2.16712779316908
ENSG00000160695,D5/D6,1.09069607559526,non-DEG,0.0780601811176341
ENSG00000160703,F7/D6,1.21693333194073,non-DEG,1.54353463450294
ENSG00000160712,D5/D6,1.41483512239591,non-DEG,0.976158242978095
ENSG00000160712,F7/D6,0.52334443234095,non-DEG,1.06744978623889
ENSG00000160714,F7/D6,0.882609877186162,non-DEG,2.09875066828371
ENSG00000160752,D5/D6,0.804482341440263,non-DEG,0.615909742405824
ENSG00000160752,F7/D6,0.894069362704403,non-DEG,1.65551163071391
ENSG00000160783,F7/D6,0.827555947949222,non-DEG,3.76848561566122
ENSG00000160803,D5/D6,0.871906295336291,non-DEG,1.60287604755138
ENSG00000160949,D5/D6,0.826165857578157,non-DEG,0.62254939500498
ENSG00000160949,F7/D6,0.832883609711413,non-DEG,1.3597929187268
ENSG00000160953,D5/D6,0.722571713214003,non-DEG,1.62974031919954
ENSG00000160999,D5/D6,1.42172656874559,non-DEG,3.60388592634638
ENSG00000160999,F7/D6,1.31381825152633,non-DEG,3.01516571200086
ENSG00000161021,D5/D6,0.852675962906803,non-DEG,3.79489375246519
ENSG00000161021,F7/D6,0.887903866690937,non-DEG,0.49151890581997
ENSG00000161091,F7/D6,1.15108803634345,non-DEG,1.08453749003505
ENSG00000161179,D5/D6,1.24055469774885,non-DEG,0.284103543852824
ENSG00000161217,D5/D6,1.13696562701608,non-DEG,1.0473558031839
ENSG00000161217,F7/D6,1.17974329513644,non-DEG,1.9271931662458
ENSG00000161267,F7/D6,1.22165222605244,non-DEG,0.423872493094953
ENSG00000161395,D5/D6,1.21517910866589,non-DEG,1.0333264095701
ENSG00000161405,D5/D6,0.696220551447214,non-DEG,5.42620231884153
ENSG00000161405,F7/D6,0.76767809802554,non-DEG,0.775054522827642
ENSG00000161526,D5/D6,0.902316632065903,non-DEG,0.565175676668859
ENSG00000161692,D5/D6,0.787018097415207,non-DEG,0.797191993467811
ENSG00000161692,F7/D6,0.88790295905834,non-DEG,0.20214622921897
ENSG00000161791,D5/D6,1.14502453089168,non-DEG,1.28772663620797
ENSG00000161791,F7/D6,1.2655563349598,non-DEG,2.56230749271577
ENSG00000161800,D5/D6,0.844809634840309,non-DEG,1.3746549205717
ENSG00000161800,F7/D6,0.886814590312133,non-DEG,1.07995918682675
ENSG00000161813,F7/D6,1.22001901926074,non-DEG,7.64860552130053
ENSG00000161920,F7/D6,0.988591030735577,non-DEG,4.43687638958523
ENSG00000161929,F7/D6,0.776861672612824,non-DEG,0.715166434322724
ENSG00000161960,D5/D6,1.16438375003257,non-DEG,0.76201004708929
ENSG00000161960,F7/D6,1.12871476037829,non-DEG,3.84854405956327
ENSG00000161970,D5/D6,1.40003970188679,non-DEG,2.24994209690998
ENSG00000161970,F7/D6,1.17040340987897,non-DEG,1.53036651489345
ENSG00000161981,D5/D6,0.825143986941837,non-DEG,1.06079317981392
ENSG00000161981,F7/D6,0.892520289720504,non-DEG,0.50426143645866
ENSG00000162062,D5/D6,0.772688322720332,non-DEG,5.12878553228729
ENSG00000162063,D5/D6,0.816885861722578,non-DEG,1.27688234782718
ENSG00000162063,F7/D6,0.785851713787449,non-DEG,3.51209327940225
ENSG00000162073,D5/D6,0.766421380639983,non-DEG,3.13015714529851
ENSG00000162073,F7/D6,0.736492751954228,non-DEG,4.0021674810014
ENSG00000162076,D5/D6,0.845186881876618,non-DEG,1.56661934247197
ENSG00000162076,F7/D6,0.803446848415303,non-DEG,4.00216776123668
ENSG00000162244,D5/D6,1.38523579486104,non-DEG,2.66484218937984
ENSG00000162302,D5/D6,1.17445527033759,non-DEG,0.222087400293328
ENSG00000162385,D5/D6,0.832513941138601,non-DEG,1.27572341139248
ENSG00000162402,D5/D6,1.33704684283224,non-DEG,1.23723317691488
ENSG00000162402,F7/D6,1.14404705483953,non-DEG,0.199843307441025
ENSG00000162408,F7/D6,1.18942751353053,non-DEG,3.78918518978558
ENSG00000162433,F7/D6,1.88800392068163,non-DEG,0.428934919187709
ENSG00000162511,F7/D6,0.821454473498358,non-DEG,1.49996437743749
ENSG00000162521,D5/D6,0.901236160954894,non-DEG,0.52874623652426
ENSG00000162521,F7/D6,0.929534377218467,non-DEG,0.467983659425878
ENSG00000162542,D5/D6,1.37243716396831,non-DEG,2.24624581878082
ENSG00000162600,D5/D6,0.788587964825299,non-DEG,1.21046309051955
ENSG00000162676,D5/D6,0.389510056455536,down-regulate,1.12636328148511
ENSG00000162676,F7/D6,0.590714484532141,non-DEG,4.38663112581141
ENSG00000162729,D5/D6,0.723273204965466,non-DEG,1.40553041863378
ENSG00000162729,F7/D6,0.735144527931036,non-DEG,1.49735963539998
ENSG00000162734,D5/D6,1.21210082457706,non-DEG,11.3949048184103
ENSG00000162739,F7/D6,0.683921204715166,non-DEG,1.06521831481498
ENSG00000162775,F7/D6,0.882270913318879,non-DEG,1.52861281702041
ENSG00000162777,D5/D6,1.22376533380122,non-DEG,0.666870734274374
ENSG00000162813,D5/D6,1.10274277679429,non-DEG,7.32235267938674
ENSG00000162813,F7/D6,1.13392513734824,non-DEG,4.73506495871518
ENSG00000162869,D5/D6,1.16315962010077,non-DEG,0.571450657928334
ENSG00000162869,F7/D6,1.36677513728405,non-DEG,0.527465441038068
ENSG00000162881,F7/D6,1.33219420737582,non-DEG,0.62102540182702
ENSG00000162885,D5/D6,1.12463997268892,non-DEG,0.286265280959607
ENSG00000162909,D5/D6,1.24882589598851,non-DEG,0.687699882216805
ENSG00000162909,F7/D6,0.306196143488609,down-regulate,2.95195444215242
ENSG00000162923,D5/D6,1.10022789080744,non-DEG,0.291403823516252
ENSG00000162923,F7/D6,1.09394649795216,non-DEG,1.17434525124004
ENSG00000162924,D5/D6,1.11356058747503,non-DEG,1.19385385936072
ENSG00000162924,F7/D6,1.43409435143578,non-DEG,2.27577541482656
ENSG00000162959,F7/D6,1.14353484719089,non-DEG,0.335610610384604
ENSG00000162961,D5/D6,0.829525329728657,non-DEG,0.899617952340238
ENSG00000163002,D5/D6,0.87793979594666,non-DEG,0.803074336525471
ENSG00000163040,D5/D6,3.17765194979206,up-regulate,4.55318793211677
ENSG00000163040,F7/D6,4.53954503076432,up-regulate,5.39992232334643
ENSG00000163050,D5/D6,1.31104227750162,non-DEG,1.91116820342912
ENSG00000163082,F7/D6,0.877335288195415,non-DEG,2.87811604314276
ENSG00000163125,D5/D6,0.886216047322649,non-DEG,0.669956355019294
ENSG00000163131,D5/D6,0.873497074686572,non-DEG,1.08554500088406
ENSG00000163131,F7/D6,0.7791123785536,non-DEG,1.70671716014019
ENSG00000163170,F7/D6,1.20442294332766,non-DEG,1.70074612948523
ENSG00000163171,F7/D6,0.803945570441541,non-DEG,2.48824664825628
ENSG00000163191,D5/D6,0.800204677413154,non-DEG,1.94621094555642
ENSG00000163191,F7/D6,0.535474122136431,non-DEG,1.28546817134664
ENSG00000163207,D5/D6,2.78296840163384,up-regulate,5.71655622065098
ENSG00000163214,F7/D6,0.699079759499024,non-DEG,2.66685371821879
ENSG00000163249,F7/D6,0.726511949560399,non-DEG,1.29524950579567
ENSG00000163346,D5/D6,1.14191971939057,non-DEG,3.58888379445661
ENSG00000163346,F7/D6,1.23127478216052,non-DEG,2.48562641455553
ENSG00000163348,D5/D6,0.870518585007837,non-DEG,0.596620152859722
ENSG00000163348,F7/D6,0.866532936767495,non-DEG,2.14791448524972
ENSG00000163389,D5/D6,1.23110563580248,non-DEG,0.239434797074521
ENSG00000163466,F7/D6,1.19144156486552,non-DEG,1.44504910029869
ENSG00000163482,F7/D6,1.21531208272022,non-DEG,0.249273310699257
ENSG00000163541,D5/D6,1.11109451764589,non-DEG,0.364233323451868
ENSG00000163568,D5/D6,0.724823225504341,non-DEG,0.831006758690678
ENSG00000163568,F7/D6,0.770336176852577,non-DEG,0.863369561301313
ENSG00000163597,D5/D6,1.33774469512437,non-DEG,0.970226804002123
ENSG00000163602,D5/D6,0.651032535936195,non-DEG,0.866049801653424
ENSG00000163602,F7/D6,1.37248811748622,non-DEG,1.62061514618788
ENSG00000163608,D5/D6,1.10526428411383,non-DEG,0.381828858770925
ENSG00000163660,D5/D6,1.21299735799251,non-DEG,2.1444064189184
ENSG00000163660,F7/D6,1.32149240103651,non-DEG,5.37764836090251
ENSG00000163682,D5/D6,1.42086453868746,non-DEG,2.20503048921425
ENSG00000163682,F7/D6,1.4905647153853,non-DEG,8.31780183322866
ENSG00000163694,D5/D6,1.13532903740557,non-DEG,2.25255812045221
ENSG00000163704,F7/D6,1.17476624497842,non-DEG,1.46749128331911
ENSG00000163719,D5/D6,1.38260333456646,non-DEG,0.732023803417259
ENSG00000163755,F7/D6,0.802257459010772,non-DEG,1.7386598485394
ENSG00000163785,D5/D6,0.848921179433558,non-DEG,1.50506863419128
ENSG00000163808,D5/D6,0.828819499020561,non-DEG,0.00921934471449381
ENSG00000163882,D5/D6,1.14327920555213,non-DEG,0.685592000056198
ENSG00000163898,F7/D6,1.58076474116243,non-DEG,1.29054956894741
ENSG00000163902,D5/D6,0.997912912110122,non-DEG,1.84449666786846
ENSG00000163918,D5/D6,0.818331308441663,non-DEG,1.41182878066239
ENSG00000163918,F7/D6,0.779369934713084,non-DEG,5.13230859646264
ENSG00000163939,D5/D6,0.853610860264304,non-DEG,1.77020861310299
ENSG00000163947,D5/D6,1.58035741452554,non-DEG,2.71764268472098
ENSG00000163960,F7/D6,1.20771484093673,non-DEG,0.346232297074798
ENSG00000164032,D5/D6,0.833526986225858,non-DEG,1.85952040153071
ENSG00000164038,D5/D6,1.12697832050056,non-DEG,0.859195170912423
ENSG00000164039,F7/D6,1.22837819425652,non-DEG,0.786974333379188
ENSG00000164045,D5/D6,0.900754789392445,non-DEG,0.88309280580972
ENSG00000164080,F7/D6,1.64742895657229,non-DEG,6.20456982559714
ENSG00000164088,D5/D6,1.51553525887782,non-DEG,2.9681418634706
ENSG00000164136,F7/D6,0.862195475200298,non-DEG,2.92336463011688
ENSG00000164182,D5/D6,1.42823542316478,non-DEG,1.37559458409391
ENSG00000164236,D5/D6,0.93401434472722,non-DEG,1.83314691042732
ENSG00000164237,D5/D6,1.25768746409306,non-DEG,0.543817654622724
ENSG00000164237,F7/D6,0.792771288383651,non-DEG,1.15654794208498
ENSG00000164258,D5/D6,1.13333767284363,non-DEG,1.64096449908126
ENSG00000164305,D5/D6,0.831719894764593,non-DEG,0.424797594746387
ENSG00000164305,F7/D6,0.84985366175324,non-DEG,2.10442198192172
ENSG00000164307,D5/D6,0.867864039681272,non-DEG,0.596036128743952
ENSG00000164307,F7/D6,0.904036822112997,non-DEG,0.0785516040677603
ENSG00000164308,D5/D6,0.883355584400876,non-DEG,1.15872244136874
ENSG00000164308,F7/D6,0.897429405360446,non-DEG,1.04358512037591
ENSG00000164327,F7/D6,0.810777430796045,non-DEG,4.48220711945324
ENSG00000164329,D5/D6,1.11852355709672,non-DEG,0.831167228536198
ENSG00000164329,F7/D6,1.2307290132029,non-DEG,2.86009230535987
ENSG00000164330,D5/D6,0.766539138792032,non-DEG,0.0939178655148402
ENSG00000164346,D5/D6,1.1466690362256,non-DEG,0.879085748264622
ENSG00000164346,F7/D6,1.09899283450814,non-DEG,2.05940491029091
ENSG00000164402,F7/D6,0.866521817146773,non-DEG,1.40284630934979
ENSG00000164442,F7/D6,0.715438531502513,non-DEG,2.75528688348359
ENSG00000164574,D5/D6,1.26416867952726,non-DEG,2.05824103260623
ENSG00000164574,F7/D6,1.45343724007565,non-DEG,4.3481354163644
ENSG00000164587,D5/D6,1.38950118467211,non-DEG,2.25444010658339
ENSG00000164587,F7/D6,1.14997397393619,non-DEG,1.45329331628453
ENSG00000164611,D5/D6,0.894711005858472,non-DEG,1.25572009639318
ENSG00000164611,F7/D6,0.88959831565943,non-DEG,1.67492446341126
ENSG00000164620,D5/D6,1.65657891118473,non-DEG,2.59021269167667
ENSG00000164620,F7/D6,1.1733887933484,non-DEG,1.43212978762824
ENSG00000164654,D5/D6,1.12758413533425,non-DEG,0.509209062049811
ENSG00000164659,F7/D6,3.02711443992908,up-regulate,0.584804944591484
ENSG00000164687,D5/D6,1.53722183355335,non-DEG,4.61618527068991
ENSG00000164687,F7/D6,1.29055216413339,non-DEG,3.62030072075318
ENSG00000164742,D5/D6,0.241436630640157,down-regulate,4.17872782488709
ENSG00000164742,F7/D6,0.426463932362187,down-regulate,0.859312799286628
ENSG00000164815,F7/D6,1.15002380632565,non-DEG,1.28439781499006
ENSG00000164830,F7/D6,1.30920169688868,non-DEG,4.58815701644876
ENSG00000164889,F7/D6,0.834978139587297,non-DEG,0.910938447171633
ENSG00000164897,F7/D6,0.882471053337858,non-DEG,1.26115758183937
ENSG00000164916,D5/D6,1.20844077190362,non-DEG,2.5332454174447
ENSG00000164916,F7/D6,1.18121617754778,non-DEG,0.568114060745721
ENSG00000164924,D5/D6,0.916653761064919,non-DEG,1.69891642672463
ENSG00000164934,D5/D6,1.11667974177557,non-DEG,1.47604148817237
ENSG00000164938,D5/D6,1.24176102926043,non-DEG,1.72330699297608
ENSG00000164938,F7/D6,1.67913578397036,non-DEG,1.52072166085152
ENSG00000164967,D5/D6,1.29637167255978,non-DEG,2.34080370693849
ENSG00000164967,F7/D6,1.16133348494757,non-DEG,2.21971389805713
ENSG00000164978,D5/D6,1.18500926043262,non-DEG,0.726142718352789
ENSG00000164978,F7/D6,0.666267494709935,non-DEG,2.32966673854492
ENSG00000164985,D5/D6,1.10286035789153,non-DEG,0.88364836571951
ENSG00000165025,D5/D6,1.55236337831637,non-DEG,0.812583205643393
ENSG00000165025,F7/D6,0.794504987778945,non-DEG,1.39717942503166
ENSG00000165097,D5/D6,1.4501574310278,non-DEG,0.982048184705028
ENSG00000165097,F7/D6,1.63103540938111,non-DEG,0.821826994196847
ENSG00000165102,D5/D6,1.45197067176947,non-DEG,2.19524268492283
ENSG00000165168,D5/D6,0.798126621196751,non-DEG,0.663382719501313
ENSG00000165168,F7/D6,0.67876093006902,non-DEG,0.640354113432547
ENSG00000165175,D5/D6,0.699797973566334,non-DEG,0.747460189493269
ENSG00000165175,F7/D6,0.62713220449483,non-DEG,1.5023100789325
ENSG00000165178,D5/D6,0.855196260471828,non-DEG,1.27724814489275
ENSG00000165209,D5/D6,0.867161275101331,non-DEG,1.63888952055551
ENSG00000165322,D5/D6,0.734601230760785,non-DEG,0.466072910098574
ENSG00000165392,F7/D6,0.901811766539119,non-DEG,1.11644193615694
ENSG00000165406,D5/D6,1.1414627445305,non-DEG,0.67237507376349
ENSG00000165406,F7/D6,1.09918416699057,non-DEG,1.62799276633948
ENSG00000165480,D5/D6,0.756317487803287,non-DEG,1.58320554814578
ENSG00000165480,F7/D6,0.888915430354409,non-DEG,0.448478541753125
ENSG00000165494,D5/D6,0.804607249374586,non-DEG,2.47956998060124
ENSG00000165501,D5/D6,0.872021119122407,non-DEG,1.27140007130473
ENSG00000165527,D5/D6,0.939846689931293,non-DEG,0.687332303984976
ENSG00000165527,F7/D6,0.878206019819981,non-DEG,4.8619277708812
ENSG00000165617,F7/D6,0.753244749754889,non-DEG,0.758999654491688
ENSG00000165689,D5/D6,1.2845415476279,non-DEG,3.41948276370706
ENSG00000165782,D5/D6,0.895067002702118,non-DEG,0.497959509723093
ENSG00000165819,F7/D6,1.10528885889858,non-DEG,1.13574764381326
ENSG00000165861,D5/D6,0.863573567365406,non-DEG,1.32900219252644
ENSG00000165891,D5/D6,1.21479949792956,non-DEG,0.2321342696303
ENSG00000165943,D5/D6,0.90116958556494,non-DEG,2.46832292361583
ENSG00000166002,D5/D6,1.36641108709595,non-DEG,0.551455365980873
ENSG00000166012,D5/D6,1.19885882671315,non-DEG,3.2588886736048
ENSG00000166012,F7/D6,1.1884205135875,non-DEG,4.78560110421516
ENSG00000166016,D5/D6,0.853329895175166,non-DEG,1.49640509236242
ENSG00000166024,D5/D6,1.17213054075184,non-DEG,0.615679243007663
ENSG00000166025,D5/D6,0.110722314305351,down-regulate,7.11032652139057
ENSG00000166025,F7/D6,0.12723596977146,down-regulate,4.85088992696616
ENSG00000166135,F7/D6,1.15397678174758,non-DEG,2.61002101634535
ENSG00000166147,D5/D6,0.529146562528592,non-DEG,0.126560312575701
ENSG00000166147,F7/D6,0.759680740767001,non-DEG,1.64212822723741
ENSG00000166197,D5/D6,1.25781491329568,non-DEG,0.632302644096242
ENSG00000166228,D5/D6,0.90981261094247,non-DEG,0.497946505593625
ENSG00000166260,D5/D6,0.907676520586927,non-DEG,1.18999010075863
ENSG00000166272,F7/D6,1.11901749354773,non-DEG,0.630624618763037
ENSG00000166295,D5/D6,1.13426537896641,non-DEG,2.08299601395436
ENSG00000166326,D5/D6,1.22086668368754,non-DEG,3.88328262653176
ENSG00000166337,D5/D6,1.34922036813866,non-DEG,2.67285120353656
ENSG00000166342,F7/D6,10.7012478833306,up-regulate,6.0968839673757
ENSG00000166387,D5/D6,1.25200582926343,non-DEG,0.168557484121015
ENSG00000166436,F7/D6,1.4783597175962,non-DEG,1.96842652978206
ENSG00000166451,D5/D6,0.903849417746726,non-DEG,2.59107638841548
ENSG00000166451,F7/D6,0.822896466595292,non-DEG,4.21193140120729
ENSG00000166452,D5/D6,1.41959676080619,non-DEG,4.49183633514503
ENSG00000166483,D5/D6,0.77127865529502,non-DEG,2.12554168296003
ENSG00000166501,D5/D6,0.54808454404608,non-DEG,1.83484867331192
ENSG00000166501,F7/D6,1.77432143450705,non-DEG,1.78497878683518
ENSG00000166508,D5/D6,0.859596708756176,non-DEG,1.40750625964218
ENSG00000166508,F7/D6,0.871501328320302,non-DEG,2.16193119966415
ENSG00000166562,F7/D6,0.900577891737646,non-DEG,0.655260170390882
ENSG00000166579,F7/D6,1.14084734330928,non-DEG,0.964278713389446
ENSG00000166582,D5/D6,0.868825398365658,non-DEG,1.6998231155235
ENSG00000166582,F7/D6,0.736618873111596,non-DEG,0.993563712234636
ENSG00000166595,F7/D6,1.19144877190493,non-DEG,4.05239621977522
ENSG00000166619,D5/D6,1.17899722613331,non-DEG,0.360070046089212
ENSG00000166619,F7/D6,1.16056400885277,non-DEG,0.0951691528484332
ENSG00000166681,F7/D6,2.08315412071449,up-regulate,0.511805451687959
ENSG00000166710,D5/D6,1.10721665600984,non-DEG,3.30027692401631
ENSG00000166716,D5/D6,0.778117918785222,non-DEG,1.7122560483233
ENSG00000166716,F7/D6,0.796161878671866,non-DEG,1.17702696569804
ENSG00000166747,D5/D6,0.87467082636763,non-DEG,1.20368967269272
ENSG00000166783,F7/D6,0.891395666461817,non-DEG,1.64222576092201
ENSG00000166801,D5/D6,0.907247008279917,non-DEG,0.833512480590336
ENSG00000166801,F7/D6,0.874176566019678,non-DEG,0.915134569448189
ENSG00000166847,D5/D6,1.15768250599759,non-DEG,2.85524724366694
ENSG00000166889,D5/D6,1.12649745511434,non-DEG,1.90945750595899
ENSG00000166902,D5/D6,0.881397498051866,non-DEG,0.416707976854729
ENSG00000166912,D5/D6,0.782852791729927,non-DEG,0.912441673856045
ENSG00000166913,D5/D6,1.0989185476382,non-DEG,5.94557133511765
ENSG00000166938,F7/D6,1.14920882348848,non-DEG,0.00338049791739796
ENSG00000166949,D5/D6,1.14785795968259,non-DEG,0.495684428873154
ENSG00000166986,F7/D6,0.880624635806117,non-DEG,1.24916960525786
ENSG00000167081,D5/D6,0.655226654897002,non-DEG,0.551005438531041
ENSG00000167202,F7/D6,0.730893993968166,non-DEG,1.44651986129214
ENSG00000167208,D5/D6,1.40842342008825,non-DEG,0.865113039674821
ENSG00000167264,D5/D6,1.23658460804026,non-DEG,2.08958102006916
ENSG00000167272,F7/D6,1.27816924445126,non-DEG,2.61186661732466
ENSG00000167283,D5/D6,1.18536115591189,non-DEG,2.48309989037167
ENSG00000167325,D5/D6,0.806414119625573,non-DEG,0.607134442661995
ENSG00000167380,D5/D6,1.00491591384139,non-DEG,6.04918837830583
ENSG00000167414,F7/D6,1.8889163103027,non-DEG,5.10950711603113
ENSG00000167468,F7/D6,0.799176443891771,non-DEG,1.72448355905039
ENSG00000167483,F7/D6,4.36518800931848,up-regulate,7.4353669504253
ENSG00000167513,F7/D6,0.818232510966374,non-DEG,1.53336042972748
ENSG00000167524,F7/D6,1.13123182953875,non-DEG,0.210683857424734
ENSG00000167526,D5/D6,1.49640717546364,non-DEG,0.680780732904565
ENSG00000167526,F7/D6,1.1481713501818,non-DEG,1.45655124424327
ENSG00000167550,F7/D6,0.646193417960118,non-DEG,2.85569470508173
ENSG00000167566,D5/D6,1.27556341240921,non-DEG,1.09160984988986
ENSG00000167566,F7/D6,1.2101873271624,non-DEG,0.965985222453011
ENSG00000167658,D5/D6,1.51620442552451,non-DEG,2.68964065665141
ENSG00000167658,F7/D6,1.11846389242885,non-DEG,2.0886495908968
ENSG00000167670,D5/D6,0.907877867933834,non-DEG,0.12866586509884
ENSG00000167670,F7/D6,0.851020969188658,non-DEG,2.1082036023104
ENSG00000167671,D5/D6,1.19927894423671,non-DEG,1.62004580054841
ENSG00000167703,D5/D6,0.828876516752151,non-DEG,0.503667841631656
ENSG00000167703,F7/D6,0.792111308079886,non-DEG,1.02594705860011
ENSG00000167716,D5/D6,1.2494892340566,non-DEG,0.0102279644892004
ENSG00000167721,F7/D6,1.20363432997503,non-DEG,1.5756430883532
ENSG00000167775,D5/D6,0.84260032803506,non-DEG,1.32298156419618
ENSG00000167815,F7/D6,0.870627937792332,non-DEG,1.66388214355658
ENSG00000167851,D5/D6,0.838106330603434,non-DEG,1.79843121380084
ENSG00000167851,F7/D6,0.864385564752708,non-DEG,1.82455904416101
ENSG00000167900,D5/D6,0.814953486813185,non-DEG,1.99426459297682
ENSG00000167900,F7/D6,0.798881329462954,non-DEG,2.44816091917125
ENSG00000167984,F7/D6,0.863577322119034,non-DEG,0.00330879493920671
ENSG00000168016,D5/D6,0.719590034231052,non-DEG,0.199788174293556
ENSG00000168016,F7/D6,0.715757142288241,non-DEG,0.533771774529625
ENSG00000168067,D5/D6,0.726562355104769,non-DEG,1.57756073618267
ENSG00000168081,F7/D6,1.16920418796479,non-DEG,3.15295794021694
ENSG00000168209,D5/D6,1.18738563789318,non-DEG,1.26871662905583
ENSG00000168209,F7/D6,0.86353411055935,non-DEG,1.34776455308047
ENSG00000168214,F7/D6,0.68541806196205,non-DEG,14.073374165091
ENSG00000168234,D5/D6,0.603851752081659,non-DEG,1.36593514752824
ENSG00000168291,D5/D6,0.815696232614322,non-DEG,0.479774033782674
ENSG00000168297,F7/D6,1.64442454926357,non-DEG,2.0652223513056
ENSG00000168298,F7/D6,0.783240142651001,non-DEG,2.54954474862558
ENSG00000168374,D5/D6,1.07369181592024,non-DEG,2.48038053627459
ENSG00000168393,D5/D6,0.773211920607704,non-DEG,1.5008000054966
ENSG00000168394,F7/D6,0.854343374278875,non-DEG,2.67374279114593
ENSG00000168404,D5/D6,0.77674398222435,non-DEG,1.50787189104434
ENSG00000168404,F7/D6,0.767628745630982,non-DEG,2.5129590481081
ENSG00000168411,D5/D6,0.894831289321893,non-DEG,2.70190855853161
ENSG00000168411,F7/D6,0.858943186240971,non-DEG,1.59186503851502
ENSG00000168421,D5/D6,1.30632971103173,non-DEG,0.815555447578949
ENSG00000168421,F7/D6,1.24085248965292,non-DEG,0.92429389448246
ENSG00000168496,D5/D6,0.797240108430525,non-DEG,1.20990109162965
ENSG00000168496,F7/D6,0.848413725374074,non-DEG,2.60770075134173
ENSG00000168522,D5/D6,1.13521162231841,non-DEG,0.934750910233408
ENSG00000168538,F7/D6,1.10729984254927,non-DEG,1.20290799970193
ENSG00000168710,F7/D6,1.26340616571591,non-DEG,1.69186009109117
ENSG00000168734,D5/D6,0.714421160438472,non-DEG,1.08331515628237
ENSG00000168734,F7/D6,1.63757403158272,non-DEG,2.04312135425989
ENSG00000168743,D5/D6,0.279703698892915,down-regulate,2.90448193400767
ENSG00000168743,F7/D6,0.671522374083237,non-DEG,0.556198123689382
ENSG00000168758,D5/D6,0.788104712002162,non-DEG,2.42934828409298
ENSG00000168769,D5/D6,1.19028264821923,non-DEG,0.914535317217637
ENSG00000168769,F7/D6,1.36778720309623,non-DEG,1.19627114533334
ENSG00000168781,D5/D6,1.25871319989518,non-DEG,0.550494443086835
ENSG00000168818,F7/D6,1.25736477369102,non-DEG,2.2236782416059
ENSG00000168827,F7/D6,1.09951235161692,non-DEG,1.07570985291811
ENSG00000168884,D5/D6,1.24546952430447,non-DEG,2.05992423287756
ENSG00000168884,F7/D6,1.23904780678803,non-DEG,1.89869379754853
ENSG00000168887,D5/D6,1.00556250712589,non-DEG,6.01571485351668
ENSG00000168899,D5/D6,1.14408882480057,non-DEG,0.480926417940769
ENSG00000168924,D5/D6,1.11298998666105,non-DEG,0.539621984216287
ENSG00000169031,D5/D6,4.18705215494825,up-regulate,0.427357559930986
ENSG00000169093,F7/D6,1.27528994529268,non-DEG,2.58539610557918
ENSG00000169100,D5/D6,1.30203654139557,non-DEG,1.40626663578949
ENSG00000169116,D5/D6,1.28569077363635,non-DEG,3.14182583201644
ENSG00000169116,F7/D6,0.849155584247854,non-DEG,0.985362458804675
ENSG00000169118,F7/D6,1.30236727768386,non-DEG,5.02477409893633
ENSG00000169136,D5/D6,0.905130055530361,non-DEG,1.06757287700408
ENSG00000169136,F7/D6,0.484696747032655,down-regulate,2.45622354223851
ENSG00000169180,D5/D6,1.21023308701927,non-DEG,0.759009365680693
ENSG00000169180,F7/D6,1.30413701678109,non-DEG,4.34138909173574
ENSG00000169189,F7/D6,1.26056009742787,non-DEG,2.09721124555064
ENSG00000169217,D5/D6,0.848633626291209,non-DEG,0.580468560909467
ENSG00000169221,D5/D6,0.811293625559774,non-DEG,0.135662199855631
ENSG00000169249,F7/D6,0.54407398282389,non-DEG,0.585145142009793
ENSG00000169403,D5/D6,0.249268238394831,down-regulate,3.31194013233668
ENSG00000169403,F7/D6,0.342932149041367,down-regulate,1.08937020232113
ENSG00000169442,D5/D6,1.46668250780746,non-DEG,2.30079049149245
ENSG00000169641,D5/D6,0.784503972620467,non-DEG,0.237164627398596
ENSG00000169679,D5/D6,0.68721828663139,non-DEG,0.741792061539949
ENSG00000169679,F7/D6,0.841285448282375,non-DEG,0.573093387414485
ENSG00000169692,D5/D6,1.42449807087192,non-DEG,3.54751011354848
ENSG00000169714,D5/D6,1.17078414745091,non-DEG,1.89394553260103
ENSG00000169715,D5/D6,2.73707024391211,up-regulate,6.52282594599892
ENSG00000169715,F7/D6,2.0924019425455,non-DEG,11.1628603509863
ENSG00000169738,F7/D6,1.23860151490676,non-DEG,1.14224432478701
ENSG00000169902,D5/D6,0.582362514113021,non-DEG,0.499370130079778
ENSG00000169925,D5/D6,0.84884515373292,non-DEG,1.48986350540552
ENSG00000169957,D5/D6,0.722706221852924,non-DEG,2.09817026047383
ENSG00000170185,F7/D6,1.20175964917722,non-DEG,2.79173940723233
ENSG00000170222,D5/D6,1.18631175655504,non-DEG,1.05339956085068
ENSG00000170266,F7/D6,0.730738439954948,non-DEG,0.137988273196883
ENSG00000170275,D5/D6,1.17769778011998,non-DEG,0.130549597147968
ENSG00000170275,F7/D6,0.727765535518728,non-DEG,2.00783132141481
ENSG00000170296,D5/D6,1.11229073181986,non-DEG,2.7849732382803
ENSG00000170312,D5/D6,0.809951050582122,non-DEG,1.68990653431845
ENSG00000170312,F7/D6,0.841729794145343,non-DEG,4.78513709169593
ENSG00000170315,F7/D6,0.88837422852308,non-DEG,1.31197110639212
ENSG00000170322,F7/D6,1.14083862223839,non-DEG,0.0151437822750714
ENSG00000170340,D5/D6,1.44218595396422,non-DEG,2.96345626449987
ENSG00000170340,F7/D6,1.39986369849045,non-DEG,5.1230047191044
ENSG00000170345,D5/D6,1.56094202739187,non-DEG,8.2371644852985
ENSG00000170345,F7/D6,0.983679971013267,non-DEG,9.39506499260256
ENSG00000170430,D5/D6,1.116601065,non-DEG,0.467267232912027
ENSG00000170476,D5/D6,0.715901591369513,non-DEG,1.47054055891047
ENSG00000170476,F7/D6,0.77704327662351,non-DEG,0.92042561785779
ENSG00000170522,D5/D6,0.723416961229291,non-DEG,2.48153715638411
ENSG00000170522,F7/D6,0.81254326262741,non-DEG,1.86169098746223
ENSG00000170632,D5/D6,1.17461353835454,non-DEG,1.26461229733707
ENSG00000170633,D5/D6,0.908065606899561,non-DEG,1.24374056511139
ENSG00000170633,F7/D6,1.29756704626123,non-DEG,6.16032827843777
ENSG00000170734,D5/D6,0.783481864448893,non-DEG,2.30141370369459
ENSG00000170776,D5/D6,1.32189406650036,non-DEG,3.39463153852838
ENSG00000170791,D5/D6,1.22294117331759,non-DEG,0.915698158069189
ENSG00000170791,F7/D6,1.19106003144441,non-DEG,2.57545123378482
ENSG00000170854,F7/D6,0.838911286384382,non-DEG,1.24450478068182
ENSG00000170989,D5/D6,1.24779125730705,non-DEG,2.7607024105729
ENSG00000170989,F7/D6,0.814402341026892,non-DEG,3.31472985109868
ENSG00000171105,F7/D6,1.1718090363409,non-DEG,0.7263108816812
ENSG00000171148,D5/D6,0.990678092914654,non-DEG,1.90922007669605
ENSG00000171159,D5/D6,1.27408192563728,non-DEG,1.05165350473551
ENSG00000171241,D5/D6,0.777654956632683,non-DEG,3.40935605593633
ENSG00000171241,F7/D6,0.886847257801026,non-DEG,1.34004068650868
ENSG00000171262,D5/D6,1.20426869022126,non-DEG,3.64147531818833
ENSG00000171262,F7/D6,1.2716727334594,non-DEG,5.29094238434753
ENSG00000171316,D5/D6,1.24408026127318,non-DEG,1.1871568483514
ENSG00000171453,F7/D6,1.16490833729019,non-DEG,0.657187472305594
ENSG00000171467,D5/D6,0.756464227929008,non-DEG,1.22835967146086
ENSG00000171469,D5/D6,0.83586029835752,non-DEG,1.58187133316015
ENSG00000171490,D5/D6,1.14931847593137,non-DEG,0.44712929727305
ENSG00000171530,D5/D6,1.15753245744135,non-DEG,2.30619503744383
ENSG00000171604,F7/D6,0.838218761751599,non-DEG,1.4374404656154
ENSG00000171606,F7/D6,0.885685587280443,non-DEG,0.267776771773272
ENSG00000171634,F7/D6,0.886288289602197,non-DEG,0.245587000169308
ENSG00000171681,F7/D6,0.895169104680663,non-DEG,2.60826216269998
ENSG00000171700,F7/D6,0.796914006614005,non-DEG,2.09262650266823
ENSG00000171714,D5/D6,0.582828730667712,non-DEG,0.775252833814364
ENSG00000171714,F7/D6,0.575593763663231,non-DEG,0.104236680868884
ENSG00000171766,F7/D6,0.962554510926883,non-DEG,5.84308622608497
ENSG00000171791,F7/D6,0.881367239774166,non-DEG,0.813425842942613
ENSG00000171792,D5/D6,1.15003922922355,non-DEG,1.18956627260237
ENSG00000171824,D5/D6,0.860137081445511,non-DEG,0.763113253515837
ENSG00000171824,F7/D6,0.863057211413843,non-DEG,2.44478571346511
ENSG00000171862,D5/D6,0.888911444428616,non-DEG,0.654203116725085
ENSG00000171863,D5/D6,1.34169798497847,non-DEG,0.65826109258902
ENSG00000171863,F7/D6,1.1261162352317,non-DEG,0.86294563835503
ENSG00000171940,D5/D6,0.841787303537901,non-DEG,2.08339603880287
ENSG00000171940,F7/D6,0.883463126953632,non-DEG,2.05925955396747
ENSG00000171984,D5/D6,0.826869244983558,non-DEG,1.96235840156677
ENSG00000171984,F7/D6,0.772999842988955,non-DEG,2.182349156
ENSG00000172005,F7/D6,3.94940939394773,up-regulate,0.36120571958805
ENSG00000172009,D5/D6,0.989833039692937,non-DEG,2.70599154960256
ENSG00000172057,F7/D6,0.807455609213007,non-DEG,2.99295591900389
ENSG00000172062,F7/D6,0.861316465476611,non-DEG,2.80109187476046
ENSG00000172172,D5/D6,0.879789297459283,non-DEG,0.496572883097828
ENSG00000172175,D5/D6,1.12749389554626,non-DEG,0.229568097536261
ENSG00000172183,D5/D6,1.25271332775647,non-DEG,2.10490177274598
ENSG00000172239,D5/D6,0.88422355061132,non-DEG,0.400747106123964
ENSG00000172331,D5/D6,0.883310925192762,non-DEG,3.0076727583329
ENSG00000172428,D5/D6,1.26875185619748,non-DEG,4.53505508990153
ENSG00000172469,D5/D6,0.745360096970119,non-DEG,0.980621913272022
ENSG00000172469,F7/D6,0.811725718998506,non-DEG,1.78300702941457
ENSG00000172493,D5/D6,0.873224140016635,non-DEG,4.24441640297051
ENSG00000172500,F7/D6,0.890127843078199,non-DEG,1.31750422203968
ENSG00000172578,F7/D6,1.73839172920293,non-DEG,1.9131031135301
ENSG00000172586,D5/D6,0.986269427663881,non-DEG,3.11346019545144
ENSG00000172716,D5/D6,0.235565756904009,down-regulate,10.5311518826423
ENSG00000172725,D5/D6,2.26499228042783,up-regulate,6.41546922407261
ENSG00000172725,F7/D6,0.764232980288853,non-DEG,1.22389327053122
ENSG00000172766,D5/D6,0.7897945660527,non-DEG,0.401972816818972
ENSG00000172766,F7/D6,0.840850512529772,non-DEG,0.80276117430433
ENSG00000172785,D5/D6,1.23985280623392,non-DEG,0.904997730479489
ENSG00000172890,D5/D6,1.26794921202222,non-DEG,2.28567950421626
ENSG00000172890,F7/D6,1.14090697962602,non-DEG,2.40927791608361
ENSG00000172932,D5/D6,0.884122519834347,non-DEG,0.189038304783975
ENSG00000172939,D5/D6,1.13053651537394,non-DEG,0.284531007986007
ENSG00000173011,D5/D6,0.772479219362869,non-DEG,7.22253824675106
ENSG00000173020,D5/D6,0.879127182969455,non-DEG,2.29050462636476
ENSG00000173020,F7/D6,0.821441690430043,non-DEG,2.93700030036246
ENSG00000173113,F7/D6,0.801443634123363,non-DEG,1.17888651453367
ENSG00000173163,D5/D6,1.1270213330782,non-DEG,1.02378204215482
ENSG00000173163,F7/D6,1.19865680567571,non-DEG,1.51734251101671
ENSG00000173171,D5/D6,0.868178621762421,non-DEG,0.916291905256159
ENSG00000173193,D5/D6,1.61698169649524,non-DEG,0.679380809645081
ENSG00000173200,D5/D6,1.82294062205886,non-DEG,0.769128890605261
ENSG00000173207,D5/D6,0.804339729161514,non-DEG,1.90336884831173
ENSG00000173207,F7/D6,0.716567537670671,non-DEG,1.25083348414783
ENSG00000173212,F7/D6,1.1175329257286,non-DEG,0.884619648779004
ENSG00000173218,F7/D6,0.728982508454109,non-DEG,0.759323265918623
ENSG00000173221,D5/D6,0.826175816324256,non-DEG,1.01589091466323
ENSG00000173226,F7/D6,1.15732679666449,non-DEG,1.52605799302806
ENSG00000173272,D5/D6,1.27035996103568,non-DEG,1.3428631610606
ENSG00000173273,D5/D6,0.833766935403774,non-DEG,0.519315186363033
ENSG00000173334,D5/D6,0.494218834664202,non-DEG,2.10762830446095
ENSG00000173334,F7/D6,0.863179660153954,non-DEG,3.09479116472113
ENSG00000173418,D5/D6,1.08985699629906,non-DEG,0.80992678351655
ENSG00000173418,F7/D6,1.13911653382085,non-DEG,1.39200936965239
ENSG00000173473,D5/D6,0.919369445392144,non-DEG,1.86823056308982
ENSG00000173480,D5/D6,0.893195033103893,non-DEG,0.502269404477948
ENSG00000173480,F7/D6,0.799349773747321,non-DEG,2.83337026749417
ENSG00000173517,F7/D6,1.15976669462844,non-DEG,0.925952270981702
ENSG00000173581,F7/D6,1.64795819720192,non-DEG,0.171107914546772
ENSG00000173621,D5/D6,3.03163224004737,up-regulate,1.51772597733288
ENSG00000173660,D5/D6,1.30680818299111,non-DEG,1.02825121048291
ENSG00000173660,F7/D6,1.13449921912166,non-DEG,1.19334833773631
ENSG00000173706,D5/D6,0.808962610229263,non-DEG,4.60277595100834
ENSG00000173706,F7/D6,0.915260396519673,non-DEG,0.877614863420035
ENSG00000173801,F7/D6,0.568413183102624,non-DEG,2.77210285618699
ENSG00000173821,D5/D6,0.890534756956572,non-DEG,4.93352004932818
ENSG00000173821,F7/D6,0.866419507580369,non-DEG,1.59031295095706
ENSG00000173846,D5/D6,1.41633885284221,non-DEG,0.999323932847784
ENSG00000173848,D5/D6,0.647793407154908,non-DEG,2.41478619334319
ENSG00000173915,F7/D6,1.22990426504913,non-DEG,2.43057045665748
ENSG00000173992,F7/D6,1.14442726212777,non-DEG,2.16066367496725
ENSG00000174004,D5/D6,1.37418442359631,non-DEG,0.722498435453155
ENSG00000174010,D5/D6,0.840210061557531,non-DEG,0.423235762403832
ENSG00000174136,D5/D6,1.59224254991619,non-DEG,1.37110072101483
ENSG00000174136,F7/D6,1.18479977241224,non-DEG,2.19133424683567
ENSG00000174327,D5/D6,0.814205792263555,non-DEG,2.54656935234346
ENSG00000174327,F7/D6,0.850850145733136,non-DEG,0.798938843864986
ENSG00000174353,F7/D6,0.830936208022848,non-DEG,2.68683178797459
ENSG00000174371,D5/D6,0.790504557927141,non-DEG,0.556017676223233
ENSG00000174371,F7/D6,0.849672905701686,non-DEG,2.12107997920481
ENSG00000174442,D5/D6,0.853750689534421,non-DEG,0.607478677537778
ENSG00000174444,D5/D6,1.29337495708642,non-DEG,1.8065098915731
ENSG00000174485,F7/D6,0.879811056424145,non-DEG,2.01948536376849
ENSG00000174500,D5/D6,1.14349800776886,non-DEG,0.986174910201288
ENSG00000174501,F7/D6,0.871901284981011,non-DEG,0.78313786398811
ENSG00000174547,F7/D6,1.00585690663014,non-DEG,2.7541120317772
ENSG00000174579,D5/D6,0.849311239435887,non-DEG,0.76083960011589
ENSG00000174579,F7/D6,0.892022507415632,non-DEG,0.549077087880769
ENSG00000174600,F7/D6,1.59752796703617,non-DEG,1.03756695690362
ENSG00000174748,D5/D6,1.28379889867283,non-DEG,1.78934796846884
ENSG00000174748,F7/D6,1.08028989716216,non-DEG,0.416778255662974
ENSG00000174842,D5/D6,0.868998286538156,non-DEG,1.97518435797445
ENSG00000174891,D5/D6,0.677970952,non-DEG,1.75034083810131
ENSG00000174891,F7/D6,0.745056493534399,non-DEG,0.502032102150558
ENSG00000174917,D5/D6,1.18480672700894,non-DEG,1.11659634847396
ENSG00000174989,D5/D6,0.861188795100468,non-DEG,0.661636098133775
ENSG00000175054,F7/D6,1.1000746437597,non-DEG,0.763219326922465
ENSG00000175061,D5/D6,1.47469333175475,non-DEG,1.38023808398435
ENSG00000175130,D5/D6,0.590386403689053,non-DEG,0.707312450350791
ENSG00000175193,D5/D6,1.15050497376032,non-DEG,1.28935249882092
ENSG00000175197,D5/D6,1.2873577266812,non-DEG,3.38749766376583
ENSG00000175198,F7/D6,1.13959926317247,non-DEG,0.722758239309554
ENSG00000175216,D5/D6,0.898789307456468,non-DEG,0.881882441165825
ENSG00000175216,F7/D6,0.873814534583461,non-DEG,1.90069499933876
ENSG00000175309,D5/D6,1.24123089378897,non-DEG,4.56224033453323
ENSG00000175354,D5/D6,1.29130667347727,non-DEG,0.929082858990195
ENSG00000175354,F7/D6,1.34094473592278,non-DEG,0.646673019086427
ENSG00000175463,D5/D6,1.28492508049089,non-DEG,2.65757193603798
ENSG00000175482,D5/D6,0.883017684092636,non-DEG,0.865476037807956
ENSG00000175482,F7/D6,0.814816952907197,non-DEG,2.13896222618643
ENSG00000175573,F7/D6,0.823716988436621,non-DEG,2.73991243402623
ENSG00000175606,F7/D6,1.19624445072296,non-DEG,3.38956939156695
ENSG00000175701,D5/D6,4.6257714386508,up-regulate,6.58137082763285
ENSG00000175701,F7/D6,4.90309101188861,up-regulate,10.3130316203152
ENSG00000175792,D5/D6,1.12441338455648,non-DEG,1.21782539484392
ENSG00000175832,D5/D6,0.446635012997336,down-regulate,1.05455374752432
ENSG00000175832,F7/D6,0.674237537669376,non-DEG,3.63828620044687
ENSG00000175895,F7/D6,1.55236252524043,non-DEG,5.63261346069367
ENSG00000175931,D5/D6,1.15931406553654,non-DEG,0.658003239003866
ENSG00000176014,D5/D6,0.855344545403716,non-DEG,3.41287594565372
ENSG00000176014,F7/D6,0.713049407763164,non-DEG,2.01856336474382
ENSG00000176095,D5/D6,0.812749289284835,non-DEG,0.286393641673268
ENSG00000176225,D5/D6,0.616788795354906,non-DEG,4.81542388296991
ENSG00000176225,F7/D6,0.693024772611591,non-DEG,5.52129828963975
ENSG00000176261,F7/D6,0.874878662575555,non-DEG,2.7672951093846
ENSG00000176381,D5/D6,0.82512555181086,non-DEG,0.384970992302862
ENSG00000176381,F7/D6,0.357968992846191,down-regulate,0.788003729098109
ENSG00000176438,D5/D6,1.17656296490446,non-DEG,0.154337312918283
ENSG00000176476,F7/D6,0.830139173783897,non-DEG,0.458705660735129
ENSG00000176485,F7/D6,2.65525641690277,up-regulate,4.77844126035798
ENSG00000176533,D5/D6,1.75212407839847,non-DEG,2.71436287240262
ENSG00000176533,F7/D6,1.20350177123885,non-DEG,0.107375597939876
ENSG00000176619,D5/D6,0.866421311841273,non-DEG,2.5274037721704
ENSG00000176619,F7/D6,0.857196558047105,non-DEG,2.5842846471814
ENSG00000176623,D5/D6,1.14516240642427,non-DEG,1.03025419417745
ENSG00000176623,F7/D6,1.21622535622214,non-DEG,3.73549024354897
ENSG00000176658,D5/D6,3.07190635489996,up-regulate,2.4134110598259
ENSG00000176658,F7/D6,1.71476400847416,non-DEG,1.7167485539364
ENSG00000176715,D5/D6,1.53310116385988,non-DEG,4.54781775618621
ENSG00000176731,D5/D6,1.2585061087221,non-DEG,3.51710937514811
ENSG00000176749,D5/D6,2.17453837504844,up-regulate,1.37403769602889
ENSG00000176749,F7/D6,1.24679915638969,non-DEG,2.39928621226527
ENSG00000176871,D5/D6,1.096569593,non-DEG,1.12348652898388
ENSG00000176871,F7/D6,1.11155448688439,non-DEG,0.597016744920323
ENSG00000176903,F7/D6,1.26265873548328,non-DEG,1.27156293486233
ENSG00000176915,D5/D6,1.17332847672303,non-DEG,0.538684544434131
ENSG00000176915,F7/D6,1.14396095597246,non-DEG,3.04138054503581
ENSG00000176973,D5/D6,0.833359096557581,non-DEG,2.38756116467105
ENSG00000176974,D5/D6,1.13533717737431,non-DEG,0.455544194739257
ENSG00000177054,D5/D6,0.841845008172663,non-DEG,0.396588589897263
ENSG00000177150,D5/D6,1.11356380700257,non-DEG,0.114132452689491
ENSG00000177156,D5/D6,1.1390950208346,non-DEG,1.09501462652168
ENSG00000177189,D5/D6,0.791087912778401,non-DEG,0.356290467956098
ENSG00000177189,F7/D6,0.835738173247161,non-DEG,2.73435301040194
ENSG00000177311,D5/D6,0.50606289458497,down-regulate,2.32260120477125
ENSG00000177311,F7/D6,0.498394487250604,down-regulate,4.76136752912305
ENSG00000177410,D5/D6,1.41518094179305,non-DEG,5.9944929169211
ENSG00000177463,D5/D6,0.876686805934153,non-DEG,2.58529588059144
ENSG00000177463,F7/D6,0.873898085504283,non-DEG,1.69083361672277
ENSG00000177600,D5/D6,1.54318127569391,non-DEG,4.88242633877662
ENSG00000177600,F7/D6,1.13860505963182,non-DEG,1.32537236696115
ENSG00000177663,D5/D6,0.870135583047536,non-DEG,0.960015320318804
ENSG00000177732,F7/D6,1.29551997334499,non-DEG,2.44527955188409
ENSG00000177879,D5/D6,0.918198818528397,non-DEG,2.08797333688368
ENSG00000177879,F7/D6,1.23397842570213,non-DEG,4.2678874423731
ENSG00000177885,F7/D6,0.827529663723999,non-DEG,8.00498533489329
ENSG00000177917,D5/D6,0.768370166739832,non-DEG,1.98642406648845
ENSG00000177917,F7/D6,0.792091787449807,non-DEG,1.07575647399503
ENSG00000177954,D5/D6,1.58353736411686,non-DEG,10.8646782163761
ENSG00000177989,D5/D6,1.38461795255484,non-DEG,3.92451225728239
ENSG00000178078,D5/D6,2.80365381715122,up-regulate,3.97780934401009
ENSG00000178149,D5/D6,1.16774405372961,non-DEG,0.944079328098156
ENSG00000178381,F7/D6,1.19598430880118,non-DEG,2.19504661308795
ENSG00000178445,D5/D6,1.80323099897208,non-DEG,1.54012290914335
ENSG00000178449,D5/D6,1.03956527542587,non-DEG,4.93878855505902
ENSG00000178607,F7/D6,0.79516382048835,non-DEG,1.03261522802217
ENSG00000178860,D5/D6,0.892397155799611,non-DEG,1.51311786585697
ENSG00000178913,F7/D6,0.913564018729739,non-DEG,0.601752472144455
ENSG00000178966,D5/D6,0.784004264499228,non-DEG,4.69240425518661
ENSG00000178966,F7/D6,0.789374586959055,non-DEG,3.82745392864346
ENSG00000179029,D5/D6,0.691965489132051,non-DEG,3.91173251441405
ENSG00000179029,F7/D6,0.69936495952884,non-DEG,6.06208241918347
ENSG00000179051,F7/D6,0.898767115179929,non-DEG,1.8321188231206
ENSG00000179085,D5/D6,0.765342396370329,non-DEG,4.11322309597108
ENSG00000179134,D5/D6,1.14520366422237,non-DEG,0.0540433062223664
ENSG00000179195,F7/D6,1.12769876955381,non-DEG,0.772425561147988
ENSG00000179388,D5/D6,2.01065670516591,non-DEG,4.20995895010519
ENSG00000179456,F7/D6,1.19595414878597,non-DEG,1.47449916387001
ENSG00000179632,F7/D6,0.875070931509017,non-DEG,2.98124157113613
ENSG00000179820,F7/D6,0.479172613178494,down-regulate,0.14159573857236
ENSG00000179918,D5/D6,0.811915892824257,non-DEG,4.94085344844019
ENSG00000179934,D5/D6,0.648332781393933,non-DEG,0.897896049839895
ENSG00000179981,F7/D6,0.635364655574062,non-DEG,0.474112419840505
ENSG00000180182,F7/D6,0.885039265905399,non-DEG,1.64580662480652
ENSG00000180329,D5/D6,0.856849577705955,non-DEG,1.27843792785667
ENSG00000180398,D5/D6,0.85693307248237,non-DEG,1.04756886436796
ENSG00000180398,F7/D6,0.902331863823207,non-DEG,0.0712070763271963
ENSG00000180596,D5/D6,0.735459752912467,non-DEG,2.31690359390948
ENSG00000180596,F7/D6,0.796821891345163,non-DEG,2.65422330263205
ENSG00000180712,D5/D6,2.01866074417975,non-DEG,1.34473830940127
ENSG00000180817,D5/D6,1.21210864469448,non-DEG,0.795678971624093
ENSG00000180817,F7/D6,1.1242759895698,non-DEG,1.19445024985625
ENSG00000180879,D5/D6,1.16305455146743,non-DEG,2.48320265630156
ENSG00000180879,F7/D6,0.886782332831037,non-DEG,1.14913793520458
ENSG00000180901,F7/D6,1.15532208754247,non-DEG,0.407478994361087
ENSG00000181019,D5/D6,1.35316839314485,non-DEG,2.36011499212229
ENSG00000181026,D5/D6,1.15466705687584,non-DEG,1.86922066164212
ENSG00000181026,F7/D6,1.15266994351441,non-DEG,2.78034791186638
ENSG00000181218,D5/D6,1.09521840888026,non-DEG,6.43195728710195
ENSG00000181218,F7/D6,0.570463248094156,non-DEG,0.38428878222295
ENSG00000181284,D5/D6,1.31164845812817,non-DEG,0.549249764510734
ENSG00000181381,D5/D6,0.606788212737137,non-DEG,0.862443806346899
ENSG00000181381,F7/D6,0.691663093215972,non-DEG,1.25088579636272
ENSG00000181404,F7/D6,0.811899454555306,non-DEG,3.78166046831868
ENSG00000181625,F7/D6,0.738471235640445,non-DEG,2.69052198277025
ENSG00000181666,F7/D6,1.25943897577547,non-DEG,2.30445225088378
ENSG00000181827,F7/D6,1.07435673784701,non-DEG,5.62314088124288
ENSG00000181830,D5/D6,1.17212420407709,non-DEG,0.0294444938727108
ENSG00000181852,F7/D6,0.808385130655508,non-DEG,0.979916290813552
ENSG00000181924,D5/D6,1.15590199459494,non-DEG,2.38302863999087
ENSG00000181924,F7/D6,1.14071631843658,non-DEG,3.04566206089091
ENSG00000181929,D5/D6,1.19970191817711,non-DEG,1.98992819840579
ENSG00000181938,D5/D6,0.788847468593209,non-DEG,0.251412853794518
ENSG00000181938,F7/D6,0.857903029125771,non-DEG,1.07069547608601
ENSG00000182108,F7/D6,0.956525426194137,non-DEG,6.93571922705148
ENSG00000182149,F7/D6,1.22840586488078,non-DEG,9.12762198143288
ENSG00000182150,D5/D6,0.825053822675432,non-DEG,0.50276157447545
ENSG00000182150,F7/D6,0.828453276795219,non-DEG,0.301892490576066
ENSG00000182158,D5/D6,0.86349768076937,non-DEG,5.4210983465985
ENSG00000182158,F7/D6,0.83640891325436,non-DEG,2.09159376606411
ENSG00000182179,D5/D6,1.18571785944109,non-DEG,1.52443002095655
ENSG00000182220,F7/D6,1.34478747033188,non-DEG,6.64257320036876
ENSG00000182287,D5/D6,0.546193372438776,non-DEG,0.701354388848225
ENSG00000182287,F7/D6,0.48849962223161,down-regulate,7.20420194082917
ENSG00000182378,D5/D6,1.16771602927553,non-DEG,2.38755956767703
ENSG00000182378,F7/D6,0.87584397063073,non-DEG,0.077352648082878
ENSG00000182446,F7/D6,1.27347925545417,non-DEG,2.2125655794164
ENSG00000182487,D5/D6,0.764895129832718,non-DEG,4.49167024096644
ENSG00000182504,D5/D6,0.840125129280326,non-DEG,1.0419131866394
ENSG00000182504,F7/D6,0.885739300866217,non-DEG,0.826967442714868
ENSG00000182670,F7/D6,1.32473577779221,non-DEG,0.325607996370951
ENSG00000182749,D5/D6,0.813036138301881,non-DEG,0.228133820619656
ENSG00000182749,F7/D6,1.20242861670928,non-DEG,0.520742752106442
ENSG00000182774,D5/D6,1.40131217808988,non-DEG,2.91821856404163
ENSG00000182810,D5/D6,1.20370424684184,non-DEG,1.11499925621628
ENSG00000182866,D5/D6,0.868051855511661,non-DEG,0.916687214027417
ENSG00000182866,F7/D6,0.790773665320402,non-DEG,1.17209314525719
ENSG00000182919,F7/D6,1.28644970994248,non-DEG,3.07947082069319
ENSG00000182985,D5/D6,0.269991397856666,down-regulate,2.80612934301925
ENSG00000182985,F7/D6,0.417985123697134,down-regulate,1.58705415962792
ENSG00000183010,D5/D6,1.24284387835845,non-DEG,1.71720053846907
ENSG00000183049,D5/D6,0.74112668502882,non-DEG,2.51114905761424
ENSG00000183049,F7/D6,0.878995480114552,non-DEG,2.20589547393938
ENSG00000183309,D5/D6,0.906091654293219,non-DEG,0.881940530116176
ENSG00000183336,F7/D6,0.845401386731282,non-DEG,1.2551827885143
ENSG00000183576,D5/D6,1.16841750389496,non-DEG,1.16724693292541
ENSG00000183576,F7/D6,1.12071217043181,non-DEG,2.30132763805536
ENSG00000183597,D5/D6,1.17616701007008,non-DEG,0.0843685417940139
ENSG00000183598,D5/D6,0.70943524807169,non-DEG,6.35041155115183
ENSG00000183598,F7/D6,0.686557085109729,non-DEG,2.97966181246425
ENSG00000183605,D5/D6,1.08468867603857,non-DEG,0.581554348130679
ENSG00000183605,F7/D6,0.821037249432053,non-DEG,0.125514337786585
ENSG00000183648,F7/D6,1.19778001017072,non-DEG,2.32004031663053
ENSG00000183718,D5/D6,0.804341842219434,non-DEG,0.142500476124249
ENSG00000183718,F7/D6,0.817168298088199,non-DEG,0.166275169667431
ENSG00000183726,D5/D6,1.12878735018718,non-DEG,0.0901037107026666
ENSG00000183741,D5/D6,1.44501924445684,non-DEG,0.837509759643644
ENSG00000183741,F7/D6,1.34108319771108,non-DEG,2.13001100877921
ENSG00000183751,D5/D6,1.27192004627731,non-DEG,0.965955162503587
ENSG00000183763,F7/D6,0.844024058565017,non-DEG,1.01365922857107
ENSG00000183785,F7/D6,1.73670344623111,non-DEG,6.9568663290217
ENSG00000183856,D5/D6,1.13907714462078,non-DEG,0.681922017339152
ENSG00000183856,F7/D6,0.82224189203569,non-DEG,0.671179942913065
ENSG00000183978,D5/D6,0.849452973929331,non-DEG,1.61145990369245
ENSG00000184007,D5/D6,1.25133665849414,non-DEG,1.40727348499082
ENSG00000184164,F7/D6,1.28381916572757,non-DEG,1.13149088880947
ENSG00000184182,F7/D6,1.18566310760129,non-DEG,1.50187194779191
ENSG00000184227,F7/D6,1.14979098111065,non-DEG,0.856203448262999
ENSG00000184260,D5/D6,0.770721065952999,non-DEG,4.14780600878164
ENSG00000184260,F7/D6,0.677742528738559,non-DEG,9.71181534107216
ENSG00000184270,F7/D6,0.809896684391092,non-DEG,0.158150617508166
ENSG00000184293,D5/D6,0.122146519871577,down-regulate,1.71269213963965
ENSG00000184293,F7/D6,0.734990496900632,non-DEG,0.662592486010353
ENSG00000184357,D5/D6,0.738797426683041,non-DEG,1.62186375785015
ENSG00000184357,F7/D6,0.729086717357397,non-DEG,2.14322939308478
ENSG00000184371,D5/D6,1.1550362,non-DEG,2.54599273315323
ENSG00000184371,F7/D6,1.55187913878583,non-DEG,1.2402166082688
ENSG00000184451,D5/D6,1.20348279658702,non-DEG,0.876608790079187
ENSG00000184489,D5/D6,1.94242979052027,non-DEG,1.70881536835696
ENSG00000184489,F7/D6,2.26248626501461,up-regulate,0.281103222253559
ENSG00000184588,D5/D6,1.16326813248462,non-DEG,0.667546028121339
ENSG00000184588,F7/D6,1.28781478831044,non-DEG,1.59962272436228
ENSG00000184661,D5/D6,0.803023467919694,non-DEG,1.84283132109005
ENSG00000184661,F7/D6,0.886651232796321,non-DEG,0.201861147521406
ENSG00000184787,D5/D6,1.12517704105434,non-DEG,0.427148857086519
ENSG00000184787,F7/D6,1.10795146916469,non-DEG,1.43677353589251
ENSG00000184831,D5/D6,0.834707585984467,non-DEG,2.26573781380476
ENSG00000184867,F7/D6,2.11708434202097,non-DEG,3.43354949346317
ENSG00000184897,D5/D6,0.820860342699254,non-DEG,0.652831550536013
ENSG00000184897,F7/D6,0.797475531814046,non-DEG,3.01566973890074
ENSG00000184924,D5/D6,1.13953073447024,non-DEG,1.87474269193645
ENSG00000184924,F7/D6,0.853399482817468,non-DEG,1.87249242193249
ENSG00000184979,D5/D6,0.833762798872865,non-DEG,1.3743750862828
ENSG00000184988,D5/D6,0.875333379628779,non-DEG,1.15481228918717
ENSG00000184990,D5/D6,0.914845921902896,non-DEG,0.676390017723787
ENSG00000184992,F7/D6,0.845749947727725,non-DEG,2.00234523338746
ENSG00000185104,F7/D6,0.852118519143523,non-DEG,1.24104493344771
ENSG00000185130,D5/D6,0.764629309219841,non-DEG,3.5856297713107
ENSG00000185215,D5/D6,1.18625922044173,non-DEG,1.97169620029064
ENSG00000185238,D5/D6,1.18580326015437,non-DEG,1.23644917440247
ENSG00000185262,F7/D6,0.875918295003512,non-DEG,3.75314774489861
ENSG00000185291,D5/D6,1.36873024583003,non-DEG,2.40620171286078
ENSG00000185361,D5/D6,1.16537213145159,non-DEG,1.05047474194398
ENSG00000185386,D5/D6,1.32092075044973,non-DEG,0.788269106395469
ENSG00000185404,D5/D6,0.891511179282667,non-DEG,1.38283046901531
ENSG00000185442,D5/D6,2.45160716488652,up-regulate,7.72122457351182
ENSG00000185442,F7/D6,3.44138866003884,up-regulate,5.99589258315282
ENSG00000185475,D5/D6,1.14089411067245,non-DEG,2.66692534795782
ENSG00000185480,D5/D6,0.879095069349616,non-DEG,1.10632983019986
ENSG00000185480,F7/D6,0.769408979823686,non-DEG,6.79302785756517
ENSG00000185485,D5/D6,0.869256968514864,non-DEG,0.0315033539340585
ENSG00000185619,D5/D6,0.898036745861766,non-DEG,0.35933033533183
ENSG00000185619,F7/D6,1.16976170301827,non-DEG,1.79573104188827
ENSG00000185721,D5/D6,0.900861035528161,non-DEG,1.46282161341591
ENSG00000185753,D5/D6,1.13312479297767,non-DEG,0.499453037727502
ENSG00000185813,F7/D6,1.11971109658891,non-DEG,0.602252750088763
ENSG00000185862,D5/D6,1.32117506182119,non-DEG,1.83498368482878
ENSG00000185896,D5/D6,1.22390708336259,non-DEG,1.75334872729637
ENSG00000185896,F7/D6,1.25430631688276,non-DEG,2.62640399895846
ENSG00000185963,D5/D6,1.15382460670062,non-DEG,1.77691723375126
ENSG00000185986,D5/D6,0.801923377857514,non-DEG,2.45606364239512
ENSG00000185986,F7/D6,0.75831067276662,non-DEG,1.0638715805347
ENSG00000186010,F7/D6,0.921107779339402,non-DEG,1.0659059638548
ENSG00000186088,D5/D6,1.20588814686494,non-DEG,1.72489242469038
ENSG00000186088,F7/D6,0.703523076390668,non-DEG,1.47868736979746
ENSG00000186166,F7/D6,0.74495835868575,non-DEG,9.0649115036642
ENSG00000186185,D5/D6,0.798587841482843,non-DEG,1.77004573521269
ENSG00000186185,F7/D6,0.873291979792117,non-DEG,2.10680359594199
ENSG00000186283,F7/D6,0.835981114103462,non-DEG,1.47030496487647
ENSG00000186298,D5/D6,1.11632791504806,non-DEG,0.879989221791328
ENSG00000186432,D5/D6,1.12823063812377,non-DEG,1.06171193856926
ENSG00000186469,D5/D6,1.48987981490236,non-DEG,0.384993507692677
ENSG00000186522,D5/D6,8.94799698545837,up-regulate,7.89522244254616
ENSG00000186532,D5/D6,0.838201071035871,non-DEG,0.261925497605709
ENSG00000186591,D5/D6,1.17521231327424,non-DEG,2.41392340697018
ENSG00000186591,F7/D6,1.22476317766196,non-DEG,2.59927598837259
ENSG00000186638,D5/D6,0.797383496159075,non-DEG,1.8027792602322
ENSG00000186638,F7/D6,0.808272364722501,non-DEG,2.12762800540603
ENSG00000186814,F7/D6,1.32611932802368,non-DEG,2.58856133380803
ENSG00000186834,D5/D6,1.22985607644782,non-DEG,3.30859758044241
ENSG00000186834,F7/D6,1.22468053901413,non-DEG,3.88285341972611
ENSG00000186998,D5/D6,0.433943588930193,down-regulate,1.72643478927286
ENSG00000186998,F7/D6,0.678115861483593,non-DEG,1.43260029184805
ENSG00000187109,D5/D6,1.25824677637107,non-DEG,0.525130058186248
ENSG00000187189,F7/D6,1.1433784884698,non-DEG,0.385838853954592
ENSG00000187446,D5/D6,1.08597949403489,non-DEG,8.38924760751972
ENSG00000187605,F7/D6,1.15539053686413,non-DEG,1.1797769989571
ENSG00000187608,D5/D6,1.19726269466352,non-DEG,0.298588861988486
ENSG00000187742,D5/D6,1.13001644730033,non-DEG,0.166821713991926
ENSG00000187790,F7/D6,0.844737591077537,non-DEG,1.31954071022189
ENSG00000187840,D5/D6,1.25471180781296,non-DEG,0.690540245821505
ENSG00000187840,F7/D6,0.89135961487209,non-DEG,1.71538211736452
ENSG00000187912,D5/D6,1.35649301667398,non-DEG,0.776728309465537
ENSG00000187912,F7/D6,1.24207272510341,non-DEG,2.06125640600035
ENSG00000187994,D5/D6,1.21131319394051,non-DEG,1.6861474522403
ENSG00000187994,F7/D6,1.36217418529876,non-DEG,1.6148832214612
ENSG00000188042,D5/D6,0.703267119793079,non-DEG,2.7326031781838
ENSG00000188042,F7/D6,1.39597221472784,non-DEG,2.91222465676536
ENSG00000188130,F7/D6,0.867066642412728,non-DEG,0.348671487063098
ENSG00000188157,D5/D6,1.48797393085281,non-DEG,3.55235886894752
ENSG00000188157,F7/D6,1.34117256406622,non-DEG,0.690623709893177
ENSG00000188186,D5/D6,1.22044118690059,non-DEG,2.51993954192855
ENSG00000188186,F7/D6,1.13900091968035,non-DEG,0.514341926706407
ENSG00000188229,D5/D6,0.914727491249629,non-DEG,1.43288534518621
ENSG00000188229,F7/D6,1.07815313132334,non-DEG,2.42776640736092
ENSG00000188243,D5/D6,1.44235652,non-DEG,2.32207567634295
ENSG00000188282,F7/D6,1.73377962587374,non-DEG,3.46810349193515
ENSG00000188313,F7/D6,0.875258887916618,non-DEG,1.51387505431929
ENSG00000188352,F7/D6,1.37181371554441,non-DEG,1.9184662499239
ENSG00000188404,D5/D6,1.10181102991909,non-DEG,0.568330083315715
ENSG00000188404,F7/D6,0.772864381673124,non-DEG,1.51222006562158
ENSG00000188522,F7/D6,1.16835878228698,non-DEG,2.5212334769391
ENSG00000188559,F7/D6,1.25210329113236,non-DEG,0.63207553540959
ENSG00000188566,D5/D6,0.859940774822467,non-DEG,2.10135489095841
ENSG00000188677,D5/D6,1.18671457195788,non-DEG,0.657483361899789
ENSG00000188690,F7/D6,1.32988460906688,non-DEG,0.529922385555557
ENSG00000188706,D5/D6,1.56921971459403,non-DEG,1.85960594620582
ENSG00000188735,D5/D6,1.41958511030774,non-DEG,1.08907797351109
ENSG00000188735,F7/D6,1.22622851774738,non-DEG,2.35397110691357
ENSG00000188848,D5/D6,0.162740253273117,down-regulate,4.91537304382586
ENSG00000188906,D5/D6,0.158803447096187,down-regulate,1.7370432591707
ENSG00000188906,F7/D6,0.576128157619742,non-DEG,0.165611999037174
ENSG00000189067,D5/D6,1.06405995351708,non-DEG,0.403562302697388
ENSG00000189067,F7/D6,0.909442828857495,non-DEG,2.06755295807273
ENSG00000189077,D5/D6,0.880162558082862,non-DEG,0.714379903382422
ENSG00000189159,D5/D6,1.32163577770469,non-DEG,1.52892713796495
ENSG00000189159,F7/D6,1.21940925689228,non-DEG,1.63839141081202
ENSG00000189241,D5/D6,1.18325604181075,non-DEG,2.33182596733426
ENSG00000189339,D5/D6,0.847026570201891,non-DEG,0.188140522456953
ENSG00000189376,D5/D6,0.88054411336946,non-DEG,1.85630076997409
ENSG00000189376,F7/D6,0.901384619678758,non-DEG,1.83041293152586
ENSG00000196072,D5/D6,1.27922958291435,non-DEG,0.491466245314953
ENSG00000196072,F7/D6,1.24144097299745,non-DEG,1.08568888238176
ENSG00000196154,D5/D6,0.435374472579207,down-regulate,7.27873001424407
ENSG00000196187,F7/D6,0.817364288064484,non-DEG,0.336138212127991
ENSG00000196199,D5/D6,1.07452887297899,non-DEG,4.76623116121586
ENSG00000196247,D5/D6,0.834854492919391,non-DEG,2.42532868571768
ENSG00000196290,D5/D6,0.798368678413483,non-DEG,1.33083055006153
ENSG00000196290,F7/D6,0.837060738205495,non-DEG,2.16143180209175
ENSG00000196363,F7/D6,1.09762124160712,non-DEG,2.40646952562277
ENSG00000196396,F7/D6,0.887709849079418,non-DEG,1.91751206566388
ENSG00000196419,D5/D6,0.876936251271389,non-DEG,1.4582547318219
ENSG00000196455,F7/D6,1.08938110320141,non-DEG,0.273824205242072
ENSG00000196459,F7/D6,0.687196753850111,non-DEG,0.143332908878452
ENSG00000196531,D5/D6,1.38753189410589,non-DEG,4.55238904860536
ENSG00000196584,D5/D6,0.757398017585873,non-DEG,2.92821003986157
ENSG00000196584,F7/D6,0.774805340349245,non-DEG,2.03240080123325
ENSG00000196586,D5/D6,0.242634865951962,down-regulate,1.92300143958129
ENSG00000196586,F7/D6,0.763592962213332,non-DEG,0.506728592617244
ENSG00000196628,D5/D6,0.591032833934459,non-DEG,0.73558840755439
ENSG00000196628,F7/D6,0.673261955175931,non-DEG,0.649994523488026
ENSG00000196642,F7/D6,0.919382026125695,non-DEG,1.60484020115225
ENSG00000196652,D5/D6,0.873116929975089,non-DEG,2.11086848453692
ENSG00000196655,F7/D6,1.33084436729081,non-DEG,1.63050856060898
ENSG00000196663,F7/D6,1.27815362567384,non-DEG,0.436113417288908
ENSG00000196683,D5/D6,1.40809443335858,non-DEG,3.46948369568689
ENSG00000196684,D5/D6,1.09669999190089,non-DEG,0.405608536020604
ENSG00000196684,F7/D6,0.858815183786328,non-DEG,1.2990301518642
ENSG00000196700,D5/D6,1.28108530941005,non-DEG,0.536847217736871
ENSG00000196700,F7/D6,1.32126254390189,non-DEG,1.62469803068149
ENSG00000196704,D5/D6,1.13280769444159,non-DEG,1.20751611935958
ENSG00000196704,F7/D6,1.24644553526835,non-DEG,1.44479178979846
ENSG00000196715,D5/D6,0.878369838087973,non-DEG,0.883819506171684
ENSG00000196715,F7/D6,0.820486954404096,non-DEG,0.0122699158359094
ENSG00000196735,D5/D6,0.830738615787736,non-DEG,0.75225132907856
ENSG00000196735,F7/D6,0.899174991021035,non-DEG,12.8779698678814
ENSG00000196743,D5/D6,1.09008064318098,non-DEG,0.54940195188442
ENSG00000196743,F7/D6,0.582677360108413,non-DEG,1.47485364756436
ENSG00000196747,D5/D6,0.721937711375894,non-DEG,3.51207696712663
ENSG00000196747,F7/D6,0.708410923722731,non-DEG,5.47324734791606
ENSG00000196776,D5/D6,1.13653373154708,non-DEG,1.07937467538018
ENSG00000196776,F7/D6,1.61910823710545,non-DEG,0.903563657487069
ENSG00000196843,D5/D6,0.847134225962731,non-DEG,0.290894135667988
ENSG00000196843,F7/D6,0.826048937490745,non-DEG,1.96461409120724
ENSG00000196850,D5/D6,1.46004861631149,non-DEG,4.45794412848295
ENSG00000196873,D5/D6,1.27844081009277,non-DEG,1.08081341519425
ENSG00000196873,F7/D6,1.44020363280805,non-DEG,2.38464731307611
ENSG00000196890,F7/D6,0.567419735667707,non-DEG,2.1797013333088
ENSG00000196954,D5/D6,1.13969573748105,non-DEG,0.844178641166437
ENSG00000197021,F7/D6,1.19816925043425,non-DEG,0.0957766737842757
ENSG00000197024,D5/D6,0.897014556940986,non-DEG,1.11425898156514
ENSG00000197061,D5/D6,0.727729842830434,non-DEG,2.70740248954193
ENSG00000197061,F7/D6,0.769771343792422,non-DEG,3.52532143698809
ENSG00000197062,D5/D6,0.831041382367074,non-DEG,0.438335325859968
ENSG00000197062,F7/D6,0.849617893532262,non-DEG,0.488028915259786
ENSG00000197063,D5/D6,0.883998360538361,non-DEG,1.07185912813687
ENSG00000197063,F7/D6,0.833995204510494,non-DEG,1.69901773875234
ENSG00000197070,F7/D6,1.13706681089223,non-DEG,1.1935592158084
ENSG00000197128,D5/D6,0.823392689859528,non-DEG,0.059850958860779
ENSG00000197128,F7/D6,0.809962448817163,non-DEG,1.11291035219786
ENSG00000197142,F7/D6,0.873764896926401,non-DEG,1.43950104631247
ENSG00000197157,D5/D6,1.21973104447209,non-DEG,0.849752639046234
ENSG00000197157,F7/D6,1.1152961758879,non-DEG,2.26957981933027
ENSG00000197170,F7/D6,1.28092723445524,non-DEG,5.10777495337884
ENSG00000197217,F7/D6,0.785444791894076,non-DEG,1.42389088916797
ENSG00000197238,D5/D6,1.22119810993756,non-DEG,13.1410084577663
ENSG00000197238,F7/D6,0.826421043978471,non-DEG,2.97993901901354
ENSG00000197299,F7/D6,0.733657198119258,non-DEG,0.871627218009476
ENSG00000197324,F7/D6,0.814905456201711,non-DEG,2.15122589750557
ENSG00000197409,F7/D6,0.796954675536417,non-DEG,2.34835072251792
ENSG00000197442,D5/D6,1.15740430024966,non-DEG,1.79337568177807
ENSG00000197442,F7/D6,1.37612748583736,non-DEG,0.469965273631766
ENSG00000197444,F7/D6,3.61046896833971,up-regulate,1.14663666108856
ENSG00000197448,D5/D6,1.14702607908504,non-DEG,0.922180369128251
ENSG00000197448,F7/D6,1.11833414166848,non-DEG,2.46869375872001
ENSG00000197471,D5/D6,1.10323622582923,non-DEG,0.869067094494571
ENSG00000197471,F7/D6,0.870352762194663,non-DEG,1.60913802264039
ENSG00000197555,D5/D6,1.21913354011797,non-DEG,3.83078380371621
ENSG00000197620,F7/D6,1.31432458587788,non-DEG,0.060914283540301
ENSG00000197622,F7/D6,1.21141723620634,non-DEG,1.95022973409295
ENSG00000197728,F7/D6,1.84849069294341,non-DEG,3.53968002058789
ENSG00000197774,F7/D6,1.20932672222707,non-DEG,2.15329686704721
ENSG00000197779,D5/D6,0.692200532959768,non-DEG,3.11435807310853
ENSG00000197779,F7/D6,0.799603491131205,non-DEG,1.4878817077723
ENSG00000197780,F7/D6,1.23837287219756,non-DEG,3.52055397463051
ENSG00000197798,F7/D6,1.13135170181169,non-DEG,1.14661016516233
ENSG00000197852,D5/D6,1.38271054221448,non-DEG,1.20788270701809
ENSG00000197852,F7/D6,1.30627634041491,non-DEG,0.476248129470943
ENSG00000197892,D5/D6,0.787507854507212,non-DEG,0.703463484474115
ENSG00000197894,D5/D6,0.900795719536954,non-DEG,0.946681101564464
ENSG00000197958,D5/D6,1.54115636926295,non-DEG,1.66617018318832
ENSG00000197965,D5/D6,1.10295337310979,non-DEG,4.35183958095247
ENSG00000197965,F7/D6,0.815440397422011,non-DEG,8.27614669042156
ENSG00000197971,D5/D6,1.43400704736412,non-DEG,0.950036817718185
ENSG00000197976,F7/D6,1.12021377572797,non-DEG,1.49204770799777
ENSG00000197982,D5/D6,1.23917442365966,non-DEG,3.15123875245706
ENSG00000198026,D5/D6,1.24174819459193,non-DEG,0.224278218686603
ENSG00000198026,F7/D6,1.25373261034055,non-DEG,0.414298605479984
ENSG00000198034,D5/D6,1.29099006410716,non-DEG,2.13750268796182
ENSG00000198034,F7/D6,0.662780463609076,non-DEG,1.84455791752363
ENSG00000198056,F7/D6,0.835219581135795,non-DEG,2.18014521354318
ENSG00000198113,F7/D6,0.723242980119564,non-DEG,4.07147129060861
ENSG00000198131,F7/D6,0.882438704073732,non-DEG,1.3831126833529
ENSG00000198176,D5/D6,0.913273217773074,non-DEG,1.03751923479378
ENSG00000198276,F7/D6,0.906428340569425,non-DEG,0.312005887746209
ENSG00000198380,F7/D6,1.09064005679535,non-DEG,4.98219818077613
ENSG00000198382,D5/D6,1.11674063789829,non-DEG,0.402420583807865
ENSG00000198408,F7/D6,0.938280805940424,non-DEG,0.759919139825047
ENSG00000198517,D5/D6,1.19725688201367,non-DEG,1.63732172681358
ENSG00000198546,F7/D6,0.877070106318632,non-DEG,1.35617497554879
ENSG00000198604,F7/D6,1.1758583349425,non-DEG,1.46284589510579
ENSG00000198624,D5/D6,0.769249657348698,non-DEG,1.7106339527013
ENSG00000198624,F7/D6,0.817323763188171,non-DEG,2.40931489390691
ENSG00000198668,D5/D6,0.918794669144636,non-DEG,1.35898125741718
ENSG00000198668,F7/D6,0.883447901311819,non-DEG,1.37378003205765
ENSG00000198752,D5/D6,1.77202491958781,non-DEG,0.978796380766783
ENSG00000198752,F7/D6,1.11230767051757,non-DEG,0.285114337919231
ENSG00000198755,D5/D6,1.38766622848404,non-DEG,0.744954620876812
ENSG00000198755,F7/D6,1.17510490498028,non-DEG,1.10432764653459
ENSG00000198771,F7/D6,0.901189274291142,non-DEG,0.905379782132163
ENSG00000198814,D5/D6,0.840622090782712,non-DEG,1.44273477556132
ENSG00000198814,F7/D6,0.832686109294871,non-DEG,1.93798561701511
ENSG00000198818,F7/D6,0.853882381434419,non-DEG,1.02654577643781
ENSG00000198830,D5/D6,0.871930591934399,non-DEG,1.9324658517639
ENSG00000198830,F7/D6,0.782352588209282,non-DEG,0.988149369721872
ENSG00000198841,D5/D6,0.883314105424805,non-DEG,1.86468588850594
ENSG00000198858,D5/D6,1.13432989967662,non-DEG,5.23868905044261
ENSG00000198863,D5/D6,0.84844880199725,non-DEG,0.788587030040532
ENSG00000198863,F7/D6,1.11808332149032,non-DEG,0.0459051632996871
ENSG00000198879,F7/D6,0.87829203691484,non-DEG,0.993114956421092
ENSG00000198885,D5/D6,0.902454620441544,non-DEG,0.501813701625401
ENSG00000198885,F7/D6,0.827278803969226,non-DEG,2.29262373752586
ENSG00000198890,D5/D6,1.30445246388435,non-DEG,1.90003429466971
ENSG00000198890,F7/D6,1.20060498774588,non-DEG,3.09858972100606
ENSG00000198901,D5/D6,0.824682010610811,non-DEG,1.78000220698514
ENSG00000198901,F7/D6,0.684182388250244,non-DEG,5.00148364573367
ENSG00000198909,D5/D6,0.828821743924268,non-DEG,0.831125235081319
ENSG00000198918,D5/D6,1.54094183116098,non-DEG,6.19228093872804
ENSG00000198951,F7/D6,0.731861413129201,non-DEG,6.86322432168693
ENSG00000199568,F7/D6,0.936020524007124,non-DEG,20.1981273559133
ENSG00000200156,F7/D6,0.994755611389539,non-DEG,19.81582269
ENSG00000203667,D5/D6,1.18242718773406,non-DEG,2.32471215534132
ENSG00000203710,D5/D6,1.36068939168949,non-DEG,0.770025634876785
ENSG00000203710,F7/D6,0.842385429021307,non-DEG,0.635092216902471
ENSG00000203760,D5/D6,0.842872248756746,non-DEG,1.84330609509921
ENSG00000203760,F7/D6,0.892065559552553,non-DEG,0.200998129805788
ENSG00000203995,D5/D6,1.50995894048298,non-DEG,0.491129471409887
ENSG00000204070,D5/D6,0.744114226059638,non-DEG,1.93520100240786
ENSG00000204084,D5/D6,1.15517139025529,non-DEG,0.905946722224668
ENSG00000204084,F7/D6,0.869431636729839,non-DEG,2.33781369096486
ENSG00000204138,D5/D6,1.12622795794385,non-DEG,1.31087447795986
ENSG00000204138,F7/D6,0.895023789415068,non-DEG,1.33309035739773
ENSG00000204152,D5/D6,1.23015939485027,non-DEG,1.7500033376705
ENSG00000204160,F7/D6,0.835621544493195,non-DEG,2.2446495548585
ENSG00000204172,D5/D6,1.15472497925135,non-DEG,1.55704769212396
ENSG00000204209,F7/D6,0.856000472539294,non-DEG,2.05778211999358
ENSG00000204231,D5/D6,0.888665944074847,non-DEG,1.2356626078356
ENSG00000204237,D5/D6,1.20247230992771,non-DEG,2.68495531251437
ENSG00000204237,F7/D6,0.880802569904382,non-DEG,2.81154817777238
ENSG00000204264,D5/D6,0.874063334736997,non-DEG,0.436699582550816
ENSG00000204264,F7/D6,0.883502275707854,non-DEG,1.85537598432883
ENSG00000204287,D5/D6,0.846803394691146,non-DEG,0.569139979096625
ENSG00000204304,D5/D6,0.890326730618204,non-DEG,1.37953732142782
ENSG00000204370,D5/D6,0.92569227865767,non-DEG,0.397870612856987
ENSG00000204386,D5/D6,1.11300808541305,non-DEG,0.136255740318735
ENSG00000204387,D5/D6,1.41110178132103,non-DEG,2.36450403443208
ENSG00000204389,D5/D6,1.42008615546394,non-DEG,3.58982656987534
ENSG00000204389,F7/D6,1.3849115426002,non-DEG,4.31064696535562
ENSG00000204475,D5/D6,1.66811389304964,non-DEG,3.88766435537941
ENSG00000204475,F7/D6,1.40782676600699,non-DEG,2.93804475122604
ENSG00000204516,D5/D6,0.854344849649089,non-DEG,1.47808811979558
ENSG00000204516,F7/D6,0.847424470791416,non-DEG,1.63566678798977
ENSG00000204520,D5/D6,1.20336794904698,non-DEG,2.66670375821262
ENSG00000204520,F7/D6,0.678245286229309,non-DEG,0.846385814452085
ENSG00000204525,F7/D6,0.838900440677409,non-DEG,3.83777210839907
ENSG00000204560,D5/D6,0.86908849714558,non-DEG,1.75537063341007
ENSG00000204590,D5/D6,1.16910379533398,non-DEG,0.754877190743241
ENSG00000204628,D5/D6,1.30719750744589,non-DEG,1.69030724112334
ENSG00000204642,D5/D6,1.16422335433253,non-DEG,1.23127014513632
ENSG00000204642,F7/D6,0.907647156209382,non-DEG,1.13366051121678
ENSG00000204856,D5/D6,1.17434382813765,non-DEG,0.243211760065644
ENSG00000205045,F7/D6,0.759386644172497,non-DEG,2.61659665462588
ENSG00000205089,D5/D6,0.528355365753595,non-DEG,2.75721059572489
ENSG00000205089,F7/D6,1.3271469368614,non-DEG,4.40474569545319
ENSG00000205220,D5/D6,1.12245612251682,non-DEG,1.13881954443422
ENSG00000205531,D5/D6,0.901572555849325,non-DEG,0.570539983223702
ENSG00000205542,D5/D6,1.13541906573837,non-DEG,0.651174981207243
ENSG00000205542,F7/D6,0.984153508554574,non-DEG,9.31063094424027
ENSG00000205544,D5/D6,1.31721853462703,non-DEG,1.08432722204029
ENSG00000205571,F7/D6,0.412689331234589,non-DEG,27.1420031279244
ENSG00000205609,D5/D6,3.29412892219383,non-DEG,29.3409609318693
ENSG00000205765,F7/D6,1.17342671456893,non-DEG,3.32958091450799
ENSG00000205903,D5/D6,1.12905272427767,non-DEG,0.438291143583833
ENSG00000206337,D5/D6,0.873148124099896,non-DEG,1.01794676543355
ENSG00000206560,D5/D6,0.747337368186345,non-DEG,0.374516687063729
ENSG00000206560,F7/D6,0.866415362868137,non-DEG,1.22108142465177
ENSG00000207205,D5/D6,0.679776953104788,non-DEG,3.62799660839582
ENSG00000207205,F7/D6,0.72717391324323,non-DEG,1.21223578159587
ENSG00000207405,D5/D6,0.921028481680672,non-DEG,17.605257540989
ENSG00000211450,F7/D6,1.1235185797912,non-DEG,1.17291350576063
ENSG00000211460,D5/D6,0.931230215901197,non-DEG,1.87105874717843
ENSG00000212124,F7/D6,0.685992908382259,non-DEG,5.60465137918599
ENSG00000212232,D5/D6,1.33122124896448,non-DEG,0.235164656444971
ENSG00000213033,F7/D6,1.51957756307888,non-DEG,4.39691600581858
ENSG00000213064,D5/D6,1.34408812002534,non-DEG,2.3149771893955
ENSG00000213064,F7/D6,1.27894423100948,non-DEG,0.650511822564158
ENSG00000213079,F7/D6,0.891024115079076,non-DEG,2.46663822839341
ENSG00000213185,D5/D6,1.82604321724455,non-DEG,6.93178172355176
ENSG00000213445,D5/D6,0.781559507176553,non-DEG,1.67831057565109
ENSG00000213516,D5/D6,0.85516865141499,non-DEG,1.41537400922869
ENSG00000213585,D5/D6,1.07294994307894,non-DEG,0.663987411135156
ENSG00000213689,D5/D6,1.17194114883428,non-DEG,1.33419265424706
ENSG00000213719,F7/D6,0.83705541976105,non-DEG,2.40879344437565
ENSG00000213741,D5/D6,1.79188306083397,non-DEG,10.9439483443579
ENSG00000213780,F7/D6,1.20131888785466,non-DEG,2.05835847849173
ENSG00000213923,D5/D6,1.17374774675693,non-DEG,0.311848437113849
ENSG00000213923,F7/D6,1.7139078640312,non-DEG,0.166908510389699
ENSG00000213977,D5/D6,1.54519895678927,non-DEG,5.9968440655522
ENSG00000213977,F7/D6,1.88525367211281,non-DEG,11.9508125161652
ENSG00000214013,D5/D6,1.42660104839354,non-DEG,0.103955896458436
ENSG00000214013,F7/D6,1.2960689597555,non-DEG,1.63776777203685
ENSG00000214026,D5/D6,1.16715273995907,non-DEG,0.597060718548609
ENSG00000214189,D5/D6,0.706242939074204,non-DEG,0.891821994038351
ENSG00000214189,F7/D6,0.831204822337668,non-DEG,1.04518930194973
ENSG00000214253,D5/D6,1.12149282663463,non-DEG,2.27894175562361
ENSG00000214331,F7/D6,1.67156978446382,non-DEG,3.93500753657587
ENSG00000214425,F7/D6,0.536766241782509,non-DEG,7.23817267683804
ENSG00000214517,D5/D6,0.848790141388088,non-DEG,0.438790445049429
ENSG00000214706,D5/D6,1.15946997556244,non-DEG,1.36672927280284
ENSG00000214706,F7/D6,1.12173813791075,non-DEG,2.10673986673857
ENSG00000214736,D5/D6,0.733283840584317,non-DEG,8.75608562522757
ENSG00000214753,D5/D6,1.12775528064087,non-DEG,5.96088130085841
ENSG00000214826,D5/D6,0.697291573590132,non-DEG,0.0671029416922142
ENSG00000214826,F7/D6,0.778517818113399,non-DEG,4.000482623
ENSG00000215305,D5/D6,0.888520699751796,non-DEG,0.951280976262649
ENSG00000215305,F7/D6,0.830945889753299,non-DEG,1.65985672698381
ENSG00000215717,F7/D6,1.14466057820154,non-DEG,2.13090995524797
ENSG00000219200,D5/D6,1.29677378294663,non-DEG,0.693846792690532
ENSG00000221887,D5/D6,1.37539125797792,non-DEG,1.47525298181161
ENSG00000221887,F7/D6,0.940136060875182,non-DEG,7.18661398386377
ENSG00000221955,D5/D6,1.61219474742323,non-DEG,1.85384453841603
ENSG00000221983,D5/D6,1.38280142780081,non-DEG,1.81263480135946
ENSG00000221983,F7/D6,1.13173576936619,non-DEG,0.852888812102701
ENSG00000223478,D5/D6,1.52438608948458,non-DEG,2.90337036880102
ENSG00000223478,F7/D6,1.3416958630992,non-DEG,3.65856500280356
ENSG00000223508,D5/D6,1.47976570673641,non-DEG,2.01108133595337
ENSG00000223509,D5/D6,0.804842663146054,non-DEG,1.71727464861685
ENSG00000223509,F7/D6,0.701558479388434,non-DEG,0.561305260044193
ENSG00000223511,F7/D6,1.66925108135991,non-DEG,4.32737422068489
ENSG00000224137,F7/D6,0.338027208596357,down-regulate,2.42259519043819
ENSG00000224420,D5/D6,1.28348103499042,non-DEG,2.24094552454068
ENSG00000224877,D5/D6,1.16799355899306,non-DEG,1.93671028420494
ENSG00000224877,F7/D6,1.14775689985243,non-DEG,1.31836639518635
ENSG00000225217,D5/D6,1.81478479767903,non-DEG,0.108914623567275
ENSG00000225733,D5/D6,0.875431043128104,non-DEG,0.147984457983821
ENSG00000225733,F7/D6,0.873771435046035,non-DEG,0.48574706041619
ENSG00000226479,D5/D6,1.14913620455115,non-DEG,2.02604941191109
ENSG00000226752,D5/D6,0.883406355536261,non-DEG,0.504431017994764
ENSG00000226777,F7/D6,0.861500230848129,non-DEG,1.20154785912211
ENSG00000226779,D5/D6,0.146295851313441,down-regulate,1.94655669582239
ENSG00000226779,F7/D6,2.43569728670762,up-regulate,7.06272025092689
ENSG00000226859,F7/D6,3.19081070710829,up-regulate,7.45773241242001
ENSG00000227232,F7/D6,0.81738878181123,non-DEG,0.470723993054977
ENSG00000227403,F7/D6,1.08831857297141,non-DEG,8.78537375696028
ENSG00000228300,D5/D6,1.26792062786964,non-DEG,1.46068105751489
ENSG00000228474,D5/D6,1.19775518082226,non-DEG,0.540739832244764
ENSG00000228474,F7/D6,1.21067706995186,non-DEG,1.90820091226065
ENSG00000229117,D5/D6,1.38841647749938,non-DEG,3.32655292389245
ENSG00000229419,D5/D6,0.811538982906454,non-DEG,1.77088758254429
ENSG00000229419,F7/D6,0.768875850250298,non-DEG,1.12043433845107
ENSG00000229474,F7/D6,0.70549900180066,non-DEG,0.690839656223085
ENSG00000229833,D5/D6,1.10140951915033,non-DEG,7.3872163104524
ENSG00000230124,F7/D6,0.85643868608339,non-DEG,2.36133555792627
ENSG00000231259,D5/D6,1.24587295047281,non-DEG,2.64918192282139
ENSG00000231389,D5/D6,0.867219738597429,non-DEG,1.20976404965704
ENSG00000231389,F7/D6,0.901698531722068,non-DEG,1.39432607612768
ENSG00000231500,D5/D6,1.48049450104635,non-DEG,3.26082073113071
ENSG00000232388,D5/D6,1.22328762426222,non-DEG,3.98405135846988
ENSG00000232810,D5/D6,1.0748012743868,non-DEG,4.72336621314359
ENSG00000233276,D5/D6,1.47037550650179,non-DEG,6.59380448070617
ENSG00000233276,F7/D6,1.46542329892022,non-DEG,2.49584235838401
ENSG00000233297,D5/D6,1.94544438647577,non-DEG,6.97877377750204
ENSG00000233369,D5/D6,1.07098605072776,non-DEG,6.34074094258194
ENSG00000234614,D5/D6,3.23951022590388,up-regulate,1.84198924246618
ENSG00000234741,D5/D6,1.38220660328322,non-DEG,3.22097309266195
ENSG00000234741,F7/D6,1.19376974988576,non-DEG,0.393692648936055
ENSG00000234883,D5/D6,1.17860029300738,non-DEG,1.67807574344242
ENSG00000235162,F7/D6,0.734983677593023,non-DEG,0.853944616039411
ENSG00000235558,F7/D6,1.04548657071707,non-DEG,15.3650758427032
ENSG00000235750,F7/D6,0.727984011813803,non-DEG,5.71596455404787
ENSG00000236287,D5/D6,0.905821553994429,non-DEG,0.708536337245754
ENSG00000237181,F7/D6,0.655764040042406,non-DEG,3.88631574937748
ENSG00000237296,F7/D6,0.862535853697169,non-DEG,3.66921915522319
ENSG00000237541,F7/D6,1.709746398,non-DEG,12.9034621354133
ENSG00000238622,F7/D6,1.62675216805149,non-DEG,0.783295746503323
ENSG00000238741,D5/D6,1.23988350405659,non-DEG,1.09755551378364
ENSG00000238795,D5/D6,1.27065647371834,non-DEG,1.02611995971771
ENSG00000238795,F7/D6,1.14448438298455,non-DEG,1.06900724278304
ENSG00000238917,F7/D6,1.43089178277895,non-DEG,6.05561909481131
ENSG00000239305,D5/D6,0.803371548478244,non-DEG,2.25401251901007
ENSG00000239713,D5/D6,1.404958702,non-DEG,1.03887636396784
ENSG00000239713,F7/D6,1.19848068829152,non-DEG,1.60719315774251
ENSG00000240053,D5/D6,0.979411647675958,non-DEG,6.70275291021953
ENSG00000240303,D5/D6,0.88103553579635,non-DEG,0.280230874767165
ENSG00000240972,D5/D6,1.07657037713389,non-DEG,2.15753550344731
ENSG00000241015,F7/D6,0.689058947790391,non-DEG,7.38199201164053
ENSG00000241343,D5/D6,1.61388887387118,non-DEG,3.85368385747988
ENSG00000241360,D5/D6,1.17121274482101,non-DEG,13.0745399332518
ENSG00000241468,D5/D6,1.02920377754946,non-DEG,2.94621469345858
ENSG00000241468,F7/D6,1.13277756622862,non-DEG,2.13464478538863
ENSG00000241553,F7/D6,1.16200614835908,non-DEG,1.21654036602441
ENSG00000241837,F7/D6,1.14023610637872,non-DEG,1.29693941604756
ENSG00000241839,F7/D6,0.742089339889796,non-DEG,1.56312572009105
ENSG00000241945,F7/D6,0.487620523930595,non-DEG,33.8499436599997
ENSG00000242258,D5/D6,1.2785156179397,non-DEG,0.153779123510849
ENSG00000242258,F7/D6,0.756933219,non-DEG,0.0953679629519264
ENSG00000242574,D5/D6,0.611848440458599,non-DEG,1.39577876509832
ENSG00000242574,F7/D6,0.750753009347402,non-DEG,1.69506517178963
ENSG00000243364,F7/D6,1.62737694726927,non-DEG,0.137221598383594
ENSG00000243646,D5/D6,1.12894927047701,non-DEG,3.89671681918872
ENSG00000243678,D5/D6,1.1807077499752,non-DEG,1.01346080304145
ENSG00000243678,F7/D6,1.11775319047963,non-DEG,2.10389940942265
ENSG00000243716,F7/D6,0.876671883665097,non-DEG,1.80213722275707
ENSG00000244038,D5/D6,1.09748120046106,non-DEG,1.04696989479936
ENSG00000244038,F7/D6,1.0934015871664,non-DEG,1.54221865604747
ENSG00000244165,D5/D6,0.686684961727628,non-DEG,12.7369364217538
ENSG00000244187,F7/D6,1.30342707993415,non-DEG,2.9436043919685
ENSG00000244274,F7/D6,0.716417872714821,non-DEG,0.338419391920113
ENSG00000244405,D5/D6,0.313984655740809,down-regulate,2.09400918007127
ENSG00000244405,F7/D6,0.691071331105996,non-DEG,0.693024595233281
ENSG00000244509,D5/D6,1.26073643861321,non-DEG,0.632736464597671
ENSG00000244509,F7/D6,1.13786166611566,non-DEG,2.57149093036971
ENSG00000244682,D5/D6,1.51737471173696,non-DEG,1.80095630603931
ENSG00000247315,D5/D6,0.845741851159084,non-DEG,1.25378332021552
ENSG00000247315,F7/D6,0.874838110035885,non-DEG,2.4673035324126
ENSG00000247982,D5/D6,0.62202714409503,non-DEG,2.47007535961602
ENSG00000247982,F7/D6,0.790969290824943,non-DEG,2.27011514204384
ENSG00000248098,D5/D6,1.51787494776079,non-DEG,2.64549708001718
ENSG00000248693,D5/D6,0.82714447478228,non-DEG,4.14019549207084
ENSG00000249915,D5/D6,1.08420677654581,non-DEG,0.861567818583393
ENSG00000250317,D5/D6,1.19048232397922,non-DEG,1.90036575218773
ENSG00000250479,D5/D6,1.42306561226948,non-DEG,0.241416205153757
ENSG00000250479,F7/D6,1.35412004783061,non-DEG,2.97710559154874
ENSG00000251022,F7/D6,1.38596822121576,non-DEG,7.39881983889014
ENSG00000252481,D5/D6,1.25370936272924,non-DEG,2.34840524041347
ENSG00000253366,F7/D6,0.68119729960574,non-DEG,2.00312406404374
ENSG00000253522,D5/D6,0.802688639848399,non-DEG,0.835348029608552
ENSG00000253729,D5/D6,0.922732210684378,non-DEG,1.96935455012827
ENSG00000253816,F7/D6,0.643843660804471,non-DEG,5.26103463113597
ENSG00000254087,D5/D6,1.41133571478363,non-DEG,4.16967616600624
ENSG00000254093,D5/D6,1.22472512081206,non-DEG,2.02112436196405
ENSG00000254505,D5/D6,1.18408215681288,non-DEG,0.496459948345848
ENSG00000254634,D5/D6,1.20585322480382,non-DEG,3.61620367524977
ENSG00000254709,D5/D6,1.27283581783709,non-DEG,43.0891105108364
ENSG00000254709,F7/D6,2.52382055554009,non-DEG,22.8221083344021
ENSG00000254772,D5/D6,1.38421756188018,non-DEG,1.19888720065974
ENSG00000254838,D5/D6,0.857558954045121,non-DEG,0.907383659640847
ENSG00000254986,D5/D6,0.898213867445256,non-DEG,1.04216534795005
ENSG00000255769,F7/D6,1.70275316344016,non-DEG,3.26238606522208
ENSG00000256235,D5/D6,0.485724457609646,down-regulate,1.00800971410799
ENSG00000256235,F7/D6,1.570485689,non-DEG,2.34147112169985
ENSG00000256262,F7/D6,1.50239286215332,non-DEG,4.40770950935601
ENSG00000256436,F7/D6,0.70125872708371,non-DEG,0.0899077041299716
ENSG00000257122,F7/D6,0.773888883193175,non-DEG,2.46014675222753
ENSG00000257704,D5/D6,0.724279929708618,non-DEG,5.23261048163276
ENSG00000258441,D5/D6,1.15157785007939,non-DEG,2.76779602617335
ENSG00000258441,F7/D6,1.097691862,non-DEG,0.0567133492993661
ENSG00000258890,F7/D6,0.87379921559452,non-DEG,0.446850397575382
ENSG00000259429,F7/D6,1.52687855237882,non-DEG,6.69926532771636
ENSG00000259431,D5/D6,1.3090193492964,non-DEG,1.61436160329804
ENSG00000259431,F7/D6,1.36093480295706,non-DEG,0.873547691739469
ENSG00000259479,F7/D6,1.40316679097087,non-DEG,5.4843129555811
ENSG00000260260,F7/D6,0.972759477405715,non-DEG,12.1069490699096
ENSG00000261236,D5/D6,1.18261433190436,non-DEG,3.68463799417991
ENSG00000261236,F7/D6,1.16220996248431,non-DEG,2.94731189836377
ENSG00000262919,D5/D6,1.21099443549053,non-DEG,4.3114573255648
ENSG00000262943,D5/D6,4.72584858878811,up-regulate,3.79616115618659
ENSG00000262943,F7/D6,3.07085157502618,up-regulate,0.975846311113481
ENSG00000263956,D5/D6,1.26621743936881,non-DEG,1.45912928290791
ENSG00000264538,F7/D6,0.858504131998447,non-DEG,2.69601215760504
ENSG00000265185,F7/D6,14.402782602682,up-regulate,26.9600864055593
ENSG00000265206,D5/D6,0.870224834244793,non-DEG,1.35021514417424
ENSG00000265241,F7/D6,1.0755715821708,non-DEG,1.39257637247737
ENSG00000265681,D5/D6,1.32835171683132,non-DEG,1.4477086552113
ENSG00000266338,D5/D6,1.26991302573107,non-DEG,2.60628245091798
ENSG00000267100,F7/D6,0.784332906552484,non-DEG,2.75645597761061
ENSG00000267673,D5/D6,0.892228885320741,non-DEG,0.0307889139905367
ENSG00000268043,D5/D6,1.18303222059878,non-DEG,0.494628608839027
ENSG00000268043,F7/D6,1.16442287019761,non-DEG,1.54592320576074
ENSG00000269220,D5/D6,0.85141697483509,non-DEG,2.12897846014731
ENSG00000269343,D5/D6,1.11376697863035,non-DEG,1.48240568991953
ENSG00000269713,D5/D6,1.14238425183442,non-DEG,0.595238799856916
ENSG00000269837,D5/D6,0.847351908935088,non-DEG,2.0798600074975
ENSG00000269837,F7/D6,0.829764122597775,non-DEG,3.2989361788095
ENSG00000269893,D5/D6,1.26364686062306,non-DEG,0.778799066203877
ENSG00000270069,D5/D6,0.187926164312154,down-regulate,4.72273570040772
ENSG00000270580,F7/D6,0.995210571667939,non-DEG,6.74947164969428
ENSG00000271503,D5/D6,0.729587339107811,non-DEG,0.363523256361046
ENSG00000271503,F7/D6,0.81093027911775,non-DEG,1.39922455978641
ENSG00000271856,D5/D6,1.55115575018801,non-DEG,0.53948646815258
ENSG00000271856,F7/D6,2.08440498681186,up-regulate,0.0927568818593427
ENSG00000272269,D5/D6,1.13153912740162,non-DEG,0.163208055904993
ENSG00000272606,D5/D6,0.7901510706851,non-DEG,1.81601301575965
ENSG00000272841,D5/D6,0.597624088224399,non-DEG,3.55199002892696
ENSG00000273344,F7/D6,0.769897613493671,non-DEG,3.87305623269982
ENSG00000273542,D5/D6,0.479560910151187,non-DEG,16.956593437765
ENSG00000273542,F7/D6,0.800739276721754,non-DEG,5.04136335088187
ENSG00000273604,D5/D6,1.98366933482585,non-DEG,1.41847068315259
ENSG00000273604,F7/D6,1.29296729034605,non-DEG,0.0883509360017018
ENSG00000273703,D5/D6,0.98251522507554,non-DEG,11.7945772287888
ENSG00000273703,F7/D6,0.732096633502553,non-DEG,8.38472632417906
ENSG00000273749,D5/D6,1.19505939466716,non-DEG,1.39846443395148
ENSG00000274211,F7/D6,1.13040511998086,non-DEG,0.0993207754592379
ENSG00000274487,D5/D6,1.10319506835772,non-DEG,8.00176204731296
ENSG00000274618,D5/D6,0.715309539510443,non-DEG,3.69188552974667
ENSG00000274618,F7/D6,0.7798705945335,non-DEG,2.54658271282421
ENSG00000274641,D5/D6,0.7111529636042,non-DEG,7.52290073973874
ENSG00000274641,F7/D6,0.80254595524102,non-DEG,1.68248746463656
ENSG00000274997,D5/D6,0.664324702526735,non-DEG,11.3756543644911
ENSG00000274997,F7/D6,0.818629618953701,non-DEG,1.61982367470404
ENSG00000275023,D5/D6,1.1968782097659,non-DEG,0.200975304648261
ENSG00000275023,F7/D6,0.881492190998607,non-DEG,2.3894001125744
ENSG00000275066,D5/D6,0.880942090130368,non-DEG,1.53785787354117
ENSG00000275066,F7/D6,0.911564754437008,non-DEG,0.857881455955321
ENSG00000275074,D5/D6,1.25722728087602,non-DEG,3.31700314906041
ENSG00000275126,D5/D6,0.680221379364345,non-DEG,1.56465633937512
ENSG00000275126,F7/D6,0.709888568678823,non-DEG,0.136610427083119
ENSG00000275302,D5/D6,2.12999898447516,up-regulate,2.30038277242178
ENSG00000275302,F7/D6,0.844601817940333,non-DEG,1.52644390133447
ENSG00000275342,D5/D6,0.659389132560996,non-DEG,0.84069453700634
ENSG00000275379,F7/D6,0.813956676431142,non-DEG,2.53904745147964
ENSG00000275410,D5/D6,0.25049308806531,down-regulate,1.40183568873064
ENSG00000275410,F7/D6,0.553831198696566,non-DEG,1.17627758743481
ENSG00000275538,D5/D6,0.772477216480491,non-DEG,2.44623214787593
ENSG00000275714,D5/D6,0.8466987456958,non-DEG,2.42586160521532
ENSG00000275714,F7/D6,0.681568956248339,non-DEG,3.12638753434706
ENSG00000276045,D5/D6,1.22165302596456,non-DEG,2.20889059424636
ENSG00000276231,D5/D6,0.885992953390926,non-DEG,0.861296334179396
ENSG00000276231,F7/D6,0.865400133191888,non-DEG,2.28349506414529
ENSG00000276291,F7/D6,1.31660287575786,non-DEG,0.579898657490669
ENSG00000276368,D5/D6,0.742081119350781,non-DEG,4.86402292617336
ENSG00000276368,F7/D6,0.7250837330645,non-DEG,2.82452215981673
ENSG00000276410,D5/D6,0.808870598372738,non-DEG,1.72411026405239
ENSG00000276410,F7/D6,0.758245811884602,non-DEG,1.42264557651604
ENSG00000276903,D5/D6,0.735844368787284,non-DEG,4.41454831000399
ENSG00000276903,F7/D6,0.747844770518947,non-DEG,5.12553000502487
ENSG00000276966,D5/D6,0.755761382401355,non-DEG,3.48966049820637
ENSG00000276966,F7/D6,0.651410816766724,non-DEG,11.38657456
ENSG00000277075,D5/D6,0.770324616919037,non-DEG,2.37362953345527
ENSG00000277075,F7/D6,0.742930403723082,non-DEG,4.3145992019346
ENSG00000277150,D5/D6,1.45504898148697,non-DEG,1.46523976919401
ENSG00000277150,F7/D6,0.589375750614907,non-DEG,10.7623673745772
ENSG00000277209,D5/D6,2.10640861016973,non-DEG,4.20945464416424
ENSG00000277209,F7/D6,1.80686258507547,non-DEG,0.276029270193505
ENSG00000277224,D5/D6,0.765700207097254,non-DEG,1.7528088702374
ENSG00000277224,F7/D6,0.750372587238357,non-DEG,0.722469282906554
ENSG00000277632,F7/D6,0.672515340617047,non-DEG,1.92928955024496
ENSG00000277775,D5/D6,0.729531849006006,non-DEG,0.864322885426037
ENSG00000277775,F7/D6,0.76723079149089,non-DEG,3.80771837153084
ENSG00000277985,F7/D6,1.24631826606113,non-DEG,0.0423719640732629
ENSG00000278249,F7/D6,0.833507831534282,non-DEG,0.054118449257384
ENSG00000278274,F7/D6,1.47165622556843,non-DEG,17.6430804837237
ENSG00000278311,F7/D6,0.888399595352204,non-DEG,1.19460567369443
ENSG00000278463,D5/D6,0.663092747508369,non-DEG,2.617948904
ENSG00000278463,F7/D6,0.741433015447055,non-DEG,2.15574300742391
ENSG00000278588,D5/D6,0.735536325720942,non-DEG,2.94897295549049
ENSG00000278677,D5/D6,0.700052575941873,non-DEG,32.5114786559358
ENSG00000278677,F7/D6,0.707525015243604,non-DEG,18.3232085646537
ENSG00000278705,D5/D6,0.723593058424515,non-DEG,1.75800784502378
ENSG00000278705,F7/D6,0.720678237979412,non-DEG,1.74992557400467
ENSG00000278763,F7/D6,1.52011173221345,non-DEG,3.17618979605911
ENSG00000278828,D5/D6,0.814592436515585,non-DEG,2.91334828350694
ENSG00000278828,F7/D6,0.793212825265064,non-DEG,2.59812805174165
ENSG00000279192,F7/D6,4.48927229733517,up-regulate,11.3176491424084
ENSG00000281398,D5/D6,1.18963442885104,non-DEG,1.81073275160858
ENSG00000284194,D5/D6,1.20362925624604,non-DEG,3.77657128634919
ENSG00000284713,D5/D6,1.37693684715466,non-DEG,1.04857074281575
ENSG00000285410,D5/D6,1.17670933658006,non-DEG,1.90393767055552
ENSG00000285410,F7/D6,1.22973935960444,non-DEG,3.35929662255187
ENSG00000285723,D5/D6,1.00885718996976,non-DEG,5.9019256001069
ENSG00000288709,D5/D6,1.46482805558926,non-DEG,1.15690175262497
ENSG00000288722,D5/D6,1.52032137006816,non-DEG,1.21183433465359
ENSG00000288722,F7/D6,1.62149430082367,non-DEG,9.14196857450922
ENSG00000288825,F7/D6,0.709632052604214,non-DEG,2.28207724669526
